Link Id,0:15:00,1:45:00,2:00:00,2:15:00,2:30:00,2:45:00,3:00:00,3:15:00,3:30:00,3:45:00,4:00:00,4:15:00,4:30:00,4:45:00,5:00:00,5:15:00,5:30:00,5:45:00,6:00:00,6:15:00,6:30:00,6:45:00,7:00:00,7:15:00,7:30:00,7:45:00,8:00:00,8:15:00,8:30:00,8:45:00,9:00:00,9:15:00,9:30:00,9:45:00,10:00:00,10:15:00,10:30:00,10:45:00,11:00:00,11:15:00,11:30:00,11:45:00,12:00:00,12:15:00,12:30:00,12:45:00,13:00:00,13:15:00,13:30:00,13:45:00,14:00:00,14:15:00,14:30:00,14:45:00,15:00:00,15:15:00,15:30:00,15:45:00,16:00:00,16:15:00,16:30:00,16:45:00,17:00:00,17:15:00,17:30:00,17:45:00,18:00:00,18:15:00,18:30:00,18:45:00,19:00:00,19:15:00,19:30:00,19:45:00,20:00:00,20:15:00,20:30:00,20:45:00,21:00:00,21:15:00,21:30:00,21:45:00,22:00:00,22:15:00,22:30:00,22:45:00,23:00:00,23:15:00,23:30:00,23:45:00,24:00:00,24:15:00,24:30:00,24:45:00,25:00:00,25:15:00,25:30:00,25:45:00,26:00:00,26:15:00,26:30:00,26:45:00,27:00:00,27:15:00,27:30:00,27:45:00,28:00:00,28:15:00,28:45:00,29:15:00,Total Delay [hours],Type,Incident Link,Feeder 1_x,Feeder 2_x,Seed,Duration [HH:MM:SS],Duration [mins],Incident Start,Incident End,Delay During Incident [hours],Post-Incident Delay (0-30 mins) [hours],Post-Incident Delay (30-60 mins) [hours]
11474,-0.0,-0.0,-0.0,-0.0,0.139391829,0.4181754869999999,0.4181754869999999,0.278783658,1.951485606,2.230269264,4.18175487,8.502901569,11.290738149,15.751276677,21.326949837,33.035863473,43.769034306,55.477947942,76.386722292,123.779944152,151.100742636,157.37337494099998,187.760793663,180.233634897,167.548978458,171.59134149899998,165.179317365,167.13080297099998,161.83391346899998,159.046076889,154.585538361,134.513114985,122.804201349,105.93779004,107.749883817,105.659006382,102.174210657,98.689414932,96.459145668,95.204619207,91.162256166,105.659006382,97.156104813,100.083333222,101.75603517,102.034818828,104.265088092,99.107590419,104.404479921,106.913532843,113.325556977,115.416434412,126.010213416,133.119196695,145.246285818,141.203922777,165.039925536,171.59134149899998,160.16121152099998,153.609795558,146.222028621,138.83426168399998,132.282845721,132.840413037,127.404131706,121.828458546,98.96819859,108.028667475,100.640900538,102.174210657,91.441039824,83.774489229,81.544219965,76.10793863399999,78.616991556,68.99895535499999,66.071726946,67.883820723,64.53841682699999,52.690111362,54.641596968,55.617339771,50.738625756,52.829503191,47.253830031,43.072075161,36.938834685,31.641945183,26.205663852,21.745125324,15.890668506,9.75742803,7.248375107999999,5.296889502,2.927228409,1.951485606,1.254526461,0.8363509739999999,0.696959145,-0.0,0.139391829,0.4181754869999999,-0.0,0.139391829,-0.0,-0.0,-0.0,-0.0,-0.0,-0.0,2.232476301292499,Incident Link,11474,13502,13500,946,0:28:27,28.45,15:45:00,16:15:00,0.13482287460499998,0.07918230286249998,0.07364534965500001
12832,0.0,0.0,0.0,0.0,0.0,0.0,0.0,0.0,0.0,0.0,0.0,0.0,0.0,0.0,0.0,0.0,0.0,0.0,0.0,0.0,0.0,0.0,0.0,0.0,0.0,0.0,0.0,0.0,0.0,0.0,0.0,0.0,0.0,0.0,0.0,0.0,0.0,0.0,0.0,0.0,0.0,0.0,0.0,0.0,0.0,0.0,0.0,0.0,0.0,0.0,0.0,0.0,0.0,0.0,0.0,0.0,0.0,0.0,0.0,0.0,0.0,0.0,0.0,0.0,0.0,0.0,0.0,0.0,0.0,0.0,0.0,0.0,0.0,0.0,0.0,0.0,0.0,0.0,0.0,0.0,0.0,0.0,0.0,0.0,0.0,0.0,0.0,0.0,0.0,0.0,0.0,0.0,0.0,0.0,0.0,0.0,0.0,0.0,0.0,0.0,0.0,0.0,0.0,0.0,0.0,0.0,0.0,0.0,0.0,0.0,0.0,Feeder 1,13390,12832,13388,946,2:09:44,129.73,17:45:00,20:00:00,0.0,0.0,0.0
12841,0.0,0.0,0.0,0.0,0.0,0.0,0.0,0.0,0.0,0.0,0.0,0.0,0.0,0.0,0.0,0.0,0.0,0.0,0.0,0.0,0.0,0.0,0.0,0.0,0.0,0.0,0.0,0.0,0.0,0.0,0.0,0.0,0.0,0.0,0.0,0.0,0.0,0.0,0.0,0.0,0.0,0.0,0.0,0.0,0.0,0.0,0.0,0.0,0.0,0.0,0.0,0.0,0.0,0.0,0.0,0.0,0.0,0.0,0.0,0.0,0.0,0.0,0.0,0.0,0.0,0.0,0.0,0.0,0.0,0.0,0.0,0.0,0.0,0.0,0.0,0.0,0.0,0.0,0.0,0.0,0.0,0.0,0.0,0.0,0.0,0.0,0.0,0.0,0.0,0.0,0.0,0.0,0.0,0.0,0.0,0.0,0.0,0.0,0.0,0.0,0.0,0.0,0.0,0.0,0.0,0.0,0.0,0.0,0.0,0.0,0.0,Feeder 2,13394,13396,12841,946,1:00:48,60.8,16:30:00,17:30:00,0.0,0.0,0.0
12904,-0.0,-0.0,-0.0,-0.0,-0.0,-0.0,-0.0,1.150283484,0.575141742,2.300566968,1.150283484,4.601133936,4.601133936,7.476842646,10.352551356,14.37854355,16.679110518,28.181945358,41.410205424,71.89271775,199.574184474,424.454605596,572.26603329,521.653559994,479.093071086,454.36197618,456.662543148,419.85347166,404.899786368,411.801487272,384.769825398,260.539209126,209.92673583,223.730137638,176.568514794,171.967380858,170.817097374,169.66681389,174.267947826,184.620499182,192.67248357,193.822767054,201.874751442,176.568514794,214.527869766,224.880421122,235.80811422,247.31094906,252.487224738,257.66350041600003,236.383255962,274.342610934,334.73249384400003,375.567557526,448.61055876,498.072748572,506.699874702,549.835505352,573.416316774,549.835505352,565.364332386,560.76319845,536.607245286,499.223032056,431.931448242,370.391281848,323.229659004,280.669170096,219.129003702,159.889404276,173.117664342,147.811427694,143.7854355,131.13231717600002,149.53685292,127.106324982,123.65547453,131.13231717600002,129.98203369200002,108.701789238,106.976364012,101.224946592,98.349237882,86.846403042,94.89838743,83.97069433200001,74.193284718,68.441867298,60.38988291,39.109638456,28.7570871,29.332228842,15.528827034,10.927693098,6.326559162000001,1.150283484,2.300566968,1.725425226,1.150283484,-0.0,-0.0,0.575141742,-0.0,-0.0,1.150283484,-0.0,-0.0,-0.0,-0.0,-0.0,5.4021785733300005,Feeder 1,12907,12904,13618,946,1:29:49,89.82,08:30:00,10:00:00,0.575621026785,0.09521791062000001,0.09553743381
12907,-0.0,-0.0,-0.0,-0.0,-0.0,-0.0,-0.0,-0.000954,1.127045466,2.817613665,3.381136398,7.889318262,9.016363728,10.706931927,16.90568199,24.231477519,37.192500378,49.590000504,68.186250693,103.688182872,248.513525253,478.99432305,644.106483819,596.770574247,562.395687534,547.180573743,555.069892005,511.115118831,514.496255229,515.059777962,517.313868894,361.781594586,293.595343893,296.976480291,262.038070845,248.513525253,250.767616185,240.060684258,248.513525253,267.673298175,261.474548112,277.816707369,284.578980165,246.822957054,297.540003024,308.810457684,315.57273048,321.771480543,324.589094208,340.367730732,311.064548616,352.201708125,419.824436085,480.121368516,551.125232874,621.002051766,643.542961086,680.171938731,740.468871162,719.618530041,726.380802837,728.071371036,708.348075381,663.266256741,586.627165053,498.717618705,443.492390871,386.013072105,321.771480543,255.839320782,240.624206991,228.226706865,224.845570467,202.86818388,218.646820404,194.415342885,193.851820152,191.034206487,187.089547356,167.929774434,167.366251701,152.15113791,145.388865114,127.356137658,131.864319522,118.903296663,103.688182872,90.16363728,81.147273552,59.169886965,41.137159509,35.501932179,16.342159257,12.961022859,10.706931927,2.254090932,3.944659131,2.254090932,1.690568199,-0.0,-0.0,0.563522733,-0.0,-0.0,1.127045466,-0.0,-0.0,-0.0,-0.0,-0.0,7.129971114282501,Incident Link,12907,12904,13618,946,1:29:49,89.82,08:30:00,10:00:00,0.7670170532499999,0.138689205955,0.13571505819750002
12931,-0.0,-0.0,-0.0,0.74202284,0.74202284,-0.0,2.22606852,0.74202284,2.96809136,5.19415988,7.420228399999999,12.61438828,20.03461668,31.90698212,51.9415988,85.3326266,134.30613404,307.19745576,624.78323128,901.5577506,2301.37825204,10861.35439104,32537.387327480003,10114.6597416,1486.50189156,1229.53184588,1239.1781428,1215.43341192,1141.2311279199998,1159.03967608,1084.09536924,897.1056135599999,850.3581746399999,729.40845172,694.5333782399999,664.85246464,615.1369343599999,606.23266028,599.55445472,614.3949115199999,546.87083308,526.8362164,546.12881024,545.3867874,526.09419356,548.35487876,529.06228492,521.64205652,533.5144219599999,471.92652624,515.7058738,515.7058738,517.93194232,555.77510716,602.52254608,634.4295281999999,724.95631468,736.0866572799999,872.6188598399999,872.6188598399999,859.26244872,889.68538516,828.09748944,859.26244872,789.51230176,727.92440604,609.9427744799999,528.32026208,460.0541608,442.24561264,407.37053916,396.24019656,355.42894036,324.26398108,354.68691752,320.55386688,323.52195824,275.29047364,253.77181128,240.41540016,253.02978844,227.05898904,189.95784704,174.3753674,181.7955958,122.4337686,112.04544884,101.65712908,57.87778152,46.74743892,34.87507348,23.00270804,13.35641112,5.93618272,7.420228399999999,2.22606852,5.19415988,2.96809136,0.74202284,1.48404568,-0.0,0.74202284,-0.0,-0.0,0.74202284,0.74202284,0.74202284,-0.0,-0.0,0.74202284,26.80270384795557,Incident Link,12931,13640,12934,946,0:16:37,16.62,16:30:00,16:45:00,0.4858188427444444,0.4687110939333333,0.4215101966111111
12932,-0.0,-0.0,0.825900615,-0.0,0.825900615,0.825900615,1.65180123,-0.0,3.30360246,10.736707995,14.86621107,15.692111685,21.47341599,43.772732595,69.37565166,61.942546125,95.80447134,125.53689348,191.60894268,231.2521722,349.355960145,587.215337265,813.512105775,780.476081175,744.96235473,755.699062725,741.65875227,740.832851655,747.440056575,792.038689785,816.815708235,596.30024403,541.79080344,512.0583813,467.45974809,496.366269615,483.97776039,517.01378499,497.19217023,505.45117638,534.357697905,521.143288065,545.920306515,553.35341205,548.39800836,571.52322558,601.25564772,621.0772624800001,652.46148585,665.67589569,747.440056575,787.90918671,972.085023855,1029.898066905,1190.94868683,1371.414679695,1309.052474775,1346.21800245,1325.570487075,1268.58334464,1105.880923485,1028.246265675,946.48210479,900.2316703500001,824.24881377,692.930615985,645.028380315,487.28136285,483.97776039,438.553226565,412.124406885,434.42372349,395.606394585,363.3962706,357.614966295,377.436581055,358.44086691,344.400556455,369.177574905,358.44086691,335.31564969,317.971736775,318.79763739,332.837947845,316.319935545,311.364531855,275.85080541,237.85937712,208.952855595,170.961427305,143.70670701,92.50086888,55.335341205,37.99142829,34.68782583,8.25900615,5.781304305,7.433105535,2.477701845,-0.0,-0.0,1.65180123,-0.0,-0.0,0.825900615,-0.0,-0.0,-0.0,-0.0,-0.0,12.522834646825002,Feeder 2,12941,12936,12932,946,1:49:22,109.37,18:30:00,20:15:00,0.9064259249625,0.19523372871250003,0.2021162338375
12934,-0.0,-0.0,-0.0,-0.0,0.021999888,0.021999888,0.043999776,0.065999664,0.087999552,0.153999216,0.2419987679999999,0.351998208,1.121994288,1.20999384,2.665990368,2.551987008,3.673981296,10.163959344,16.323916896,24.661874448,31.481839728,33.153831216,194.963834576,29.721848688,26.993862576,28.973852496,29.303850816,40.991856528,28.967864816,26.06986728,25.2998712,21.053892816,20.041897968,16.961913648,16.103918015999998,16.037918352,14.783924736,13.221932688,13.133933136,13.177932912,11.043943776,11.373942096,11.021943888,11.637940752,11.087943552,11.021943888,10.23495016,10.405947024,11.43994176,9.745950384,10.273947696,10.427946912,11.241942768,19.772943216,12.53993616,13.133933136,14.981923728,15.487921151999998,18.215907264,17.709909839999998,18.237907152,18.215907264,16.455916224,16.807914432,15.751919807999998,14.827924512,12.517936272,11.461941648,9.613951056,7.875959903999999,8.073958895999999,6.489966959999999,39.167967744,6.115968864,6.423967296,6.071969088,6.499972,5.453977376,4.927974912,4.707976032,4.751975808,4.113979056,4.091979168,3.651981408,2.793985776,2.595986784,2.265988464,2.221988688,6.161991152000001,1.0119948479999998,2.631994736,0.4399977599999999,1.35999776,0.2859985439999999,0.087999552,0.153999216,0.131999328,0.087999552,0.043999776,0.021999888,-0.0,0.021999888,-0.0,-0.0,0.021999888,-0.0,0.021999888,-0.0,-0.0,-0.0,0.3420280305688888,Feeder 2,12931,13640,12934,946,0:16:37,16.62,16:30:00,16:45:00,0.01012605956,0.009239952959999999,0.0084944012
12936,-0.0,-0.0,-0.0,-0.0,-0.0,-0.0,1.109974702,-0.0,1.109974702,2.219949404,3.329924106,3.329924106,3.329924106,10.544759669,16.094633179,14.429671126,22.754481391,34.409215761999995,46.618937484,56.053722451,109.332508147,209.230231327,305.798030401,298.583194838,275.273726096,286.928460467,266.39392848,252.519244705,263.618991725,274.163751394,266.39392848,170.936104108,146.516660664,139.301825101,130.977014836,129.31205278299998,129.86704013399998,140.966787154,126.537116028,142.63174920699998,137.081875697,138.74683775,149.291597419,167.05119265099998,150.401572121,153.73149622699998,159.28136973699998,177.040964969,193.690585499,207.565269274,250.854282652,272.498789341,382.386284839,446.209830204,521.133122589,560.53722451,547.217528086,527.23798345,475.069172456,404.030791528,286.373473116,241.419497685,208.120256625,233.09468742,233.649674771,199.79544636,172.60106616099998,149.291597419,136.526888346,134.86192629299998,133.751951591,140.41179980299998,128.757065432,120.432255167,103.227647286,123.762179273,119.322280465,107.112558743,128.202078081,129.31205278299998,117.102331061,107.112558743,113.772406955,112.107444902,111.552457551,110.9974702,83.24810264999999,76.58825443799999,75.47827973599999,62.158583312,51.058836292,37.739139868,15.539645828,14.984658476999998,13.319696424,2.774936755,1.109974702,2.219949404,1.109974702,-0.0,-0.0,1.109974702,-0.0,-0.0,-0.0,-0.0,-0.0,-0.0,-0.0,-0.0,4.067440630217777,Feeder 1,12941,12936,12932,946,1:49:22,109.37,18:30:00,20:15:00,0.28381436477527777,0.06289856644666666,0.07153170301777777
12941,-0.0,-0.0,-0.0,-0.0,-0.0,-0.0,1.87697158,-0.0,1.87697158,3.75394316,5.63091474,5.63091474,5.63091474,17.83123001,27.21608791,23.46214475,38.47791739,57.24763319,79.77129215,93.848579,186.75867221,348.17822809,516.1671845,503.02838344,463.61198026,490.82806817,449.53469341,427.94952024,446.71923604,459.8580371,454.22712236,286.23816595,248.69873435,234.6214475,223.35961802,217.72870328,220.54416065,236.49841908,218.66718907,237.43690487,232.74447592,235.55993329,251.51419172,286.23816595,253.3911633,258.08359225,271.22239331,298.43848122,330.34699808,343.48579914,427.94952024,457.98106552,641.92428036,757.35803253,878.42269944,945.99367632,921.59304578,896.25392945,807.0977794,689.78705565,486.13563922,409.17980444,348.17822809,396.04100338,390.41008864,339.73185598,290.9305949,254.32964909,229.92901855,228.05204697,228.05204697,237.43690487,219.60567486,204.58990222,171.74289957,210.22081696,200.83595906,180.18927168,215.8517317,219.60567486,199.89747327,181.12775747,193.32807274,189.57412958,189.57412958,187.697158,141.71135429,126.69558165,130.44952481,102.29495111,86.34069268,65.6940053,27.21608791,25.33911633,22.52365896,4.69242895,1.87697158,3.75394316,0.93848579,0.93848579,-0.0,1.87697158,-0.0,-0.0,-0.0,-0.0,-0.0,-0.0,-0.0,-0.0,6.878579459705555,Incident Link,12941,12936,12932,946,1:49:22,109.37,18:30:00,20:15:00,0.48045258638055555,0.10584034187222222,0.1209603907111111
12961,-0.0,-0.0,-0.0,-0.0,-0.0,-0.0,-0.0,-0.0,0.014667383,0.029334766,0.014667383,0.029334766,0.088004298,0.132006447,0.14667383,0.264012894,0.425354107,0.44002149,0.909377746,1.921427173,5.118916667000001,7.979056352000001,7.715043458,6.629657116000001,7.348358883,6.6443244990000006,6.497650669,6.1456334770000005,5.778948902000001,5.118916667000001,4.268208453000001,2.596126791,2.4641203440000004,2.317446514,2.112103152,1.745418577,1.628079513,2.038766237,1.642746896,2.0534336200000003,2.185440067,1.90675979,2.449452961,2.9774787490000003,2.7281332380000003,3.0508156640000004,2.772135387,3.842854346,4.136202006,4.238873687,5.500268625,7.011009074,9.504464184,12.115258358,14.139357212,15.122071873,13.816674786,12.129925741,12.936631806,11.660569485,11.411223974,11.088541548,9.695140163,9.988487823,8.873766715,9.137779609,7.304356734000001,7.231019819,7.553702245,7.128348138000001,6.6589918820000005,6.761663563000001,6.908337393,6.453648520000001,6.394978988,6.937672159000001,6.277639924000001,6.189635626,5.412264327,6.028294413,5.690944604,6.570987584,5.338927412,4.238873687,4.781566858000001,4.25354107,3.329495941,2.698798472,1.804088109,1.862757641,1.100053725,0.909377746,0.601362703,0.337349809,0.278680277,0.058669532,0.029334766,0.029334766,0.058669532,0.014667383,0.014667383,0.014667383,-0.0,0.014667383,-0.0,0.014667383,-0.0,-0.0,0.014667383,-0.0,0.1205495911677778,Feeder 2,13460,12978,12961,946,0:29:41,29.68,08:00:00,08:30:00,0.0051172869577777785,0.0026075347555555555,0.001405624204166667
12978,-0.0,-0.0,-0.0,-0.0,0.940396024,-0.0,1.880792048,-0.0,2.821188072,4.70198012,10.344356264,9.40396024,28.21188072,39.496633008,50.781385296,82.754850112,100.622374568,160.807720104,204.065937208,310.33068792,535.085337656,781.469095944,727.866522576,613.138207648,607.495831504,570.820386568,585.866722952,549.191278016,498.40989272,440.105339232,400.608706224,264.251282744,255.787718528,266.132074792,246.383758288,216.29108552,212.529501424,236.979798048,235.099006,258.6089066,265.191678768,259.549302624,283.999599248,331.019400448,327.257816352,364.873657312,322.555836232,425.059002848,423.1782108,471.138408024,501.231080792,644.17127644,809.680976664,943.217212072,1104.9653282,1126.594436752,1070.170675312,1004.342953632,1054.183942904,966.727112672,919.707311472,901.839787016,796.515432328,836.012065336,764.541967512,791.813452208,681.7871173999999,717.522166312,687.429493544,660.158008848,613.138207648,617.840187768,600.913059336,586.807118976,563.297218376,586.807118976,567.058802472,542.608505848,489.00593248,530.383357536,486.184744408,526.62177344,455.151675616,370.516033456,398.727914176,366.75444936,294.343955512,253.90692648,175.854056488,156.105739984,113.787918904,92.158810352,63.946929632,32.91386084,29.152276744,5.642376144,3.761584096,2.821188072,5.642376144,2.821188072,0.940396024,0.940396024,0.940396024,1.880792048,-0.0,0.940396024,-0.0,-0.0,0.940396024,-0.0,10.974160378962225,Feeder 1,13460,12978,12961,946,0:29:41,29.68,08:00:00,08:30:00,0.45374108158,0.23353167929333332,0.1444552781311111
12980,-0.0,-0.0,-0.0,-0.0,0.36434892,-0.0,0.36434892,-0.0,0.72869784,1.09304676,3.27914028,2.18609352,8.38002516,10.20176976,14.20960788,24.775726560000003,24.775726560000003,48.82275528,61.21061856,92.54462568,161.40657156,243.02072964,203.30669736,183.63185568,182.53880892,166.14310752,181.44576216,165.7787586,153.39089532,118.413399,112.21946736,65.5828056,59.388873960000005,59.388873960000005,53.19494232,47.365359600000005,48.458406360000005,44.81491716,50.28015096,54.28798908,53.19494232,53.55929124,59.02452504,81.24980916,70.68369048000001,84.89329836,71.04803940000001,103.8394422,108.57597816,119.14209684,126.42907524,176.70922620000002,225.8963304,264.88166484000004,340.30189128,346.131474,306.41744172,311.15397768,330.82881936,290.75043816000004,275.81213244,260.5094778,236.46244908000003,243.38507856,218.24500308,221.52414336,177.80227296,217.88065416,193.1049276,180.71706432,175.61617944,173.79443484,155.21263992000002,154.48394208000002,157.76308236,156.30568668,151.2048018,151.56915072,136.630845,151.56915072,141.36738096000002,162.86396724000002,130.80126228,104.93248896,116.22730548,103.47509328,84.89329836,70.31934156,50.28015096,42.993172560000005,31.69835604,22.58963304,16.76005032,8.015676240000001,5.4652338,1.09304676,0.72869784,0.36434892,1.45739568,1.09304676,0.36434892,0.36434892,0.36434892,0.72869784,-0.0,0.36434892,-0.0,-0.0,0.36434892,-0.0,3.072574683966667,Feeder 2,12982,13449,12980,946,0:46:01,46.02,18:00:00,18:45:00,0.2137513664,0.09705850396666667,0.08602682833333335
12982,0.0,0.0,0.0,0.0,0.0,0.0,0.0,0.0,0.0,0.0,0.0,0.0,0.0,0.0,0.0,0.0,0.0,0.0,0.0,0.0,0.0,0.0,0.0,0.0,0.0,0.0,0.0,0.0,0.0,0.0,0.0,0.0,0.0,0.0,0.0,0.0,0.0,0.0,0.0,0.0,0.0,0.0,0.0,0.0,0.0,0.0,0.0,0.0,0.0,0.0,0.0,0.0,0.0,0.0,0.0,0.0,0.0,0.0,0.0,0.0,0.0,0.0,0.0,0.0,0.0,0.0,0.0,0.0,0.0,0.0,0.0,0.0,0.0,0.0,0.0,0.0,0.0,0.0,0.0,0.0,0.0,0.0,0.0,0.0,0.0,0.0,0.0,0.0,0.0,0.0,0.0,0.0,0.0,0.0,0.0,0.0,0.0,0.0,0.0,0.0,0.0,0.0,0.0,0.0,0.0,0.0,0.0,0.0,0.0,0.0,0.0,Incident Link,12982,13449,12980,946,0:46:01,46.02,18:00:00,18:45:00,0.0,0.0,0.0
12982,0.0,0.0,0.0,0.0,0.0,0.0,0.0,0.0,0.0,0.0,0.0,0.0,0.0,0.0,0.0,0.0,0.0,0.0,0.0,0.0,0.0,0.0,0.0,0.0,0.0,0.0,0.0,0.0,0.0,0.0,0.0,0.0,0.0,0.0,0.0,0.0,0.0,0.0,0.0,0.0,0.0,0.0,0.0,0.0,0.0,0.0,0.0,0.0,0.0,0.0,0.0,0.0,0.0,0.0,0.0,0.0,0.0,0.0,0.0,0.0,0.0,0.0,0.0,0.0,0.0,0.0,0.0,0.0,0.0,0.0,0.0,0.0,0.0,0.0,0.0,0.0,0.0,0.0,0.0,0.0,0.0,0.0,0.0,0.0,0.0,0.0,0.0,0.0,0.0,0.0,0.0,0.0,0.0,0.0,0.0,0.0,0.0,0.0,0.0,0.0,0.0,0.0,0.0,0.0,0.0,0.0,0.0,0.0,0.0,0.0,0.0,Feeder 2,13467,13463,12982,946,1:34:34,94.57,07:15:00,08:45:00,0.0,0.0,0.0
13073,-0.0,-0.0,-0.0,-0.0,-0.0,-0.0,0.890590098,-0.0,2.671770294,0.890590098,9.796491078,1.781180196,23.155342548,19.592982156,29.389473234,48.091865292,59.669536566,66.79425735,108.651991956,143.385005778,203.945132442,414.12439557,962.727895938,916.417210842,759.673353594,761.45453379,766.798074378,657.255492324,668.8331635979999,598.476545856,594.023595366,311.7065343,258.27112842,230.662835382,211.069853226,225.319294794,195.039231462,230.662835382,222.6475245,247.584047244,204.83572254,234.225195774,211.960443324,222.6475245,225.319294794,251.146407636,218.19457401,209.28867303,219.975754206,231.55342548,244.021686852,248.474637342,301.019453124,297.457092732,291.222962046,334.861876848,365.14194018,395.422003512,392.750233218,450.638589588,494.27750439,514.761076644,520.104617232,542.369369682,580.664743896,546.822320172,531.682288506,469.340981646,337.533647142,279.645290772,268.958209596,237.787556166,230.662835382,202.163952246,169.21211862,181.680379992,149.619136464,164.75916813,147.837956268,132.697924602,101.527271172,97.074320682,89.949599898,69.466027644,74.809568232,54.325995978,39.185964312,30.280063332,23.155342548,15.140031666,10.687081176,11.577671274,8.90590098,2.671770294,0.890590098,0.890590098,0.890590098,0.890590098,-0.0,-0.0,-0.0,-0.0,1.781180196,-0.0,-0.0,-0.0,-0.0,-0.0,-0.0,-0.0,6.34397013142,Incident Link,13073,13076,13567,946,0:57:21,57.35,14:00:00,15:00:00,0.38394328669333333,0.19444550473,0.218936732425
13076,-0.0,-0.0,-0.0,-0.0,-0.0,-0.0,0.110902094,-0.0,0.332706282,0.110902094,1.1090209400000002,0.221804188,2.8834544440000003,2.439846068,3.548867008,6.210517264,7.319538204,8.317657050000001,13.197349186,17.522530852000003,24.287558586000003,42.808208284,90.38520661,84.28559144,70.53373178400001,69.535612938,71.642752724,61.994270546,63.43599776800001,56.22736165800001,53.898417684,31.385292602000003,29.610859098,27.503719312,24.398460680000003,26.61650256,23.511243928000003,26.838306748,25.729285808,28.058229782,23.511243928000003,26.505600466,23.178537646,23.178537646,24.176656492000003,25.50748162,22.73492927,21.958614612,22.402222988,24.176656492000003,24.509362774000003,24.731166962000003,29.38905491,27.060110936,25.50748162,29.278152816,30.941684226000003,33.270628200000004,34.268747046,38.372124524,41.588285250000006,43.140914566,44.471739694,47.355194138,50.016844394,48.24241089,47.13338995,43.362718754,33.492432388000005,29.38905491,29.278152816,28.058229782,27.17101303,23.622146022000003,19.851474826,21.736810424,17.855237134,20.627789484,17.411628758000003,16.080803630000002,12.531936622,11.755621964,11.312013588,8.650363332000001,9.42667799,6.432321452,4.99059423,3.770671196,2.8834544440000003,1.996237692,1.330825128,1.219923034,0.887216752,0.332706282,0.221804188,-0.0,0.110902094,0.110902094,-0.0,-0.0,-0.0,-0.0,0.221804188,-0.0,-0.0,-0.0,-0.0,-0.0,-0.0,-0.0,0.6274285968049998,Feeder 1,13073,13076,13567,946,0:57:21,57.35,14:00:00,15:00:00,0.03644366033388889,0.016727732511666666,0.018760937568333334
13205,-0.0,-0.0,-0.0,-0.0,0.63057086,0.63057086,-0.0,1.89171258,2.52228344,2.52228344,8.19742118,7.566850319999999,17.025413219999997,19.54769666,27.74511784,40.35653504,45.40110192,62.42651513999999,83.86592438,125.48360114,155.12043156,323.48285117999995,591.1503249599999,513.28468004,469.7752907,465.36129468,476.0809993,419.3296219,418.88405502,364.46995708,355.64196504,233.94178906,208.71895466,189.171258,194.21582488,160.16499843999998,185.38783284,163.31785273999998,168.36241962,169.62356133999998,145.66186865999998,156.38157328,160.79556929999998,158.90385672,168.89641962,149.44529382,163.31785273999998,150.70643554,139.57716005999998,157.01214413999998,158.27328586,170.88470306,181.60440768,160.16499843999998,167.73184876,172.77641563999998,191.06297058,205.56610036,215.65523412,229.52779304,245.9226354,264.20919034,278.08174926,294.47659162,334.83312665999995,303.93515452,354.38082332,315.28543,238.35578508,207.83167122,180.97383682,174.03755736,186.0184037,164.57899446,129.89759716,140.61730178,146.29243952,143.13958522,118.54732168,107.1970462,80.71307008,74.40736147999999,70.62393632,68.73222374,53.5985231,36.57310988,24.59226354,25.2228344,11.35027548,13.87255892,11.35027548,7.566850319999999,0.63057086,3.78342516,2.52228344,0.63057086,0.63057086,-0.0,-0.0,-0.0,-0.0,-0.0,0.63057086,-0.0,-0.0,-0.0,-0.0,-0.0,-0.0,-0.0,4.136469169049999,Feeder 2,13208,13535,13205,946,1:06:17,66.28,06:30:00,07:45:00,0.6994930203111112,0.24872517255555554,0.21759833669444445
13208,-0.0,-0.0,-0.0,-0.0,0.197301879,0.197301879,-0.0,0.591905637,0.789207516,0.789207516,2.564924427,2.367622548,5.1298488540000005,6.116358249,8.681282676,12.824622135,14.008433409,18.940980384,26.438451786,39.854979558,48.338960355000005,100.821260169,184.477256865,161.984842659,148.568314887,147.187201734,149.160220524,133.573372083,129.232730745,115.224297336,110.883655998,74.580110262,65.50422382800001,58.795959942,61.360884369,50.509281024,58.401356184,51.693092298,52.087696056000006,54.258016725,45.774035928,49.32546975,51.29848854,49.720073508000006,52.087696056000006,47.549752839,51.10118666100001,47.155149081000005,43.801017138000006,48.930865992,49.720073508000006,52.482299814,57.21754491,50.114677266,51.890394177000005,54.849922362,59.782469337,65.098110675,66.88533698100001,71.225978319,75.566619657,81.682977906,86.81282676000001,92.139977493,103.188882717,94.902203799,110.686354119,98.6509395,73.593600867,63.13660128000001,57.21754491,53.666111088,58.598658063,51.29848854,40.644187074,43.40641338,46.168639686000006,44.392922775,36.106243857,32.949413793000005,25.254640512,23.281621722,21.505904811,21.505904811,16.770659715,11.048905224,7.694773281000001,7.497471402,3.748735701,4.143339459,3.5514338220000004,2.367622548,0.197301879,1.183811274,0.789207516,0.197301879,0.197301879,-0.0,-0.0,-0.0,-0.0,-0.0,0.197301879,-0.0,-0.0,-0.0,-0.0,-0.0,-0.0,-0.0,1.293913486643334,Incident Link,13208,13535,13205,946,1:06:17,66.28,06:30:00,07:45:00,0.21982717685250003,0.0785371090575,0.0679047300225
13388,0.0,0.0,0.0,0.0,0.0,0.0,0.0,0.0,0.0,0.0,0.0,0.0,0.0,0.0,0.0,0.0,0.0,0.0,0.0,0.0,0.0,0.0,0.0,0.0,0.0,0.0,0.0,0.0,0.0,0.0,0.0,0.0,0.0,0.0,0.0,0.0,0.0,0.0,0.0,0.0,0.0,0.0,0.0,0.0,0.0,0.0,0.0,0.0,0.0,0.0,0.0,0.0,0.0,0.0,0.0,0.0,0.0,0.0,0.0,0.0,0.0,0.0,0.0,0.0,0.0,0.0,0.0,0.0,0.0,0.0,0.0,0.0,0.0,0.0,0.0,0.0,0.0,0.0,0.0,0.0,0.0,0.0,0.0,0.0,0.0,0.0,0.0,0.0,0.0,0.0,0.0,0.0,0.0,0.0,0.0,0.0,0.0,0.0,0.0,0.0,0.0,0.0,0.0,0.0,0.0,0.0,0.0,0.0,0.0,0.0,0.0,Feeder 2,13390,12832,13388,946,2:09:44,129.73,17:45:00,20:00:00,0.0,0.0,0.0
13390,-0.0,-0.0,-0.0,0.13349932,0.13349932,0.13349932,0.26699864,0.3337483,0.20024898,0.13349932,0.6007469400000001,0.53399728,1.6019918400000002,2.0024898,2.73673606,4.071729260000001,3.80473062,6.94196464,9.81220002,20.3586463,54.60122188,79.96609268,71.02163824,71.95613348,62.21068312,61.676685840000005,58.67295114,55.7359661,59.80769536,49.92874568,35.11032116,29.503349720000003,24.16337692,21.42664086,19.29065174,18.28940684,16.15341772,13.88392928,12.41543676,12.54893608,10.41294696,9.87894968,9.41170206,11.21394288,9.81220002,8.87770478,8.477206820000001,9.21145308,8.87770478,7.943209540000001,8.810955120000001,8.6774558,8.61070614,8.21020818,9.0112041,9.87894968,10.21269798,10.81344492,10.27944764,12.74918506,15.41917146,18.62315514,16.08666806,17.08791296,17.621910240000002,25.6986191,25.89886808,18.62315514,14.41792656,11.48094152,10.47969662,8.54395648,8.54395648,8.21020818,7.27571294,8.87770478,7.87645988,8.21020818,7.943209540000001,4.6724762,4.0049796,3.13723402,2.6699864,2.26948844,1.53524218,1.20149388,1.06799456,0.73424626,0.6674966,0.53399728,0.20024898,0.46724762,-0.0,-0.0,-0.0,0.13349932,0.06674966,0.06674966,-0.0,-0.0,0.06674966,-0.0,-0.0,-0.0,0.06674966,-0.0,-0.0,-0.0,-0.0,-0.0,0.3761157925277778,Incident Link,13390,12832,13388,946,2:09:44,129.73,17:45:00,20:00:00,0.038659178083333336,0.004653934627777778,0.004487060477777778
13394,0.0,0.0,0.0,0.0,0.0,0.0,0.0,0.0,0.0,0.0,0.0,0.0,0.0,0.0,0.0,0.0,0.0,0.0,0.0,0.0,0.0,0.0,0.0,0.0,0.0,0.0,0.0,0.0,0.0,0.0,0.0,0.0,0.0,0.0,0.0,0.0,0.0,0.0,0.0,0.0,0.0,0.0,0.0,0.0,0.0,0.0,0.0,0.0,0.0,0.0,0.0,0.0,0.0,0.0,0.0,0.0,0.0,0.0,0.0,0.0,0.0,0.0,0.0,0.0,0.0,0.0,0.0,0.0,0.0,0.0,0.0,0.0,0.0,0.0,0.0,0.0,0.0,0.0,0.0,0.0,0.0,0.0,0.0,0.0,0.0,0.0,0.0,0.0,0.0,0.0,0.0,0.0,0.0,0.0,0.0,0.0,0.0,0.0,0.0,0.0,0.0,0.0,0.0,0.0,0.0,0.0,0.0,0.0,0.0,0.0,0.0,Incident Link,13394,13396,12841,946,1:00:48,60.8,16:30:00,17:30:00,0.0,0.0,0.0
13396,0.0,0.0,0.0,0.0,0.0,0.0,0.0,0.0,0.0,0.0,0.0,0.0,0.0,0.0,0.0,0.0,0.0,0.0,0.0,0.0,0.0,0.0,0.0,0.0,0.0,0.0,0.0,0.0,0.0,0.0,0.0,0.0,0.0,0.0,0.0,0.0,0.0,0.0,0.0,0.0,0.0,0.0,0.0,0.0,0.0,0.0,0.0,0.0,0.0,0.0,0.0,0.0,0.0,0.0,0.0,0.0,0.0,0.0,0.0,0.0,0.0,0.0,0.0,0.0,0.0,0.0,0.0,0.0,0.0,0.0,0.0,0.0,0.0,0.0,0.0,0.0,0.0,0.0,0.0,0.0,0.0,0.0,0.0,0.0,0.0,0.0,0.0,0.0,0.0,0.0,0.0,0.0,0.0,0.0,0.0,0.0,0.0,0.0,0.0,0.0,0.0,0.0,0.0,0.0,0.0,0.0,0.0,0.0,0.0,0.0,0.0,Feeder 1,13394,13396,12841,946,1:00:48,60.8,16:30:00,17:30:00,0.0,0.0,0.0
13400,-0.0,-0.0,-0.0,-0.0,-0.0,-0.0,0.155964702,-0.0,0.467894106,1.247717616,2.027541126,1.403682318,2.9633293380000003,3.89911755,5.4587645700000005,6.862446888000001,11.073493842,12.789105564000002,19.963481856,27.761716956,70.807974708,142.86366703200002,188.24939531400003,156.588560808,136.937008356,132.102102594,122.900185176,109.643185506,111.202832526,93.422856498,78.918139212,55.36746921,46.633445898000005,43.982045964,37.587493182,38.367316692,35.871881460000004,33.220481526,31.504869804,35.092057950000004,28.85346987,33.844340334,33.220481526,30.881010996,29.477328678000003,31.97276391,30.881010996,32.908552122,33.688375632,31.816799208000003,30.41311689,35.559952056,35.248022652,33.844340334,37.587493182,39.77099901,45.073798878000005,48.972916428000005,45.69765768600001,56.92711623,68.780433582,68.62446888000001,67.532715966,70.807974708,69.87218649600001,70.340080602,74.707092258,54.275716296000006,42.734328348000005,36.339775566,34.624163844,31.1929404,29.009434572000004,23.082775896,23.238740598000003,24.486458214,21.523128876,23.706634704000003,17.468046624000003,16.220329008,13.880858478,9.981740928,11.541387948,10.761564438,8.422093908,9.669811524,4.990870464,5.926658676000001,3.5871881460000004,3.11929404,1.7156117220000002,1.871576424,1.7156117220000002,0.935788212,0.77982351,0.623858808,0.623858808,0.77982351,-0.0,-0.0,-0.0,-0.0,-0.0,-0.0,-0.0,-0.0,-0.0,-0.0,-0.0,-0.0,0.9676310053250003,Feeder 2,13413,13401,13400,946,0:55:03,55.05,16:15:00,17:15:00,0.09240908593500001,0.03894785197166667,0.035828557931666664
13401,-0.0,-0.0,-0.0,-0.0,-0.0,-0.0,0.578207742,-0.0,2.89103871,5.78207742,9.251323872,7.516700646,15.611609034,23.706517422,28.9103871,35.270672262000005,57.8207742,72.27596775,102.920978076,138.19165033800002,323.218127778,630.2464387800001,860.3731200960001,712.930145886,669.564565236,620.416907166,607.1181291,550.453770384,545.828108448,524.434421994,508.244605218,358.48880004,293.15132519400004,279.274339386,254.989614222,255.567821964,250.363952286,238.799797446,241.690836156,286.791040032,249.785744544,281.008962612,269.444807772,260.1934839,260.1934839,272.914054224,290.260286484,285.056416806,297.77698713,284.478209064,276.38330067600003,329.000205198,351.550307136,373.522201332,400.697965206,433.077598758,455.049492954,504.1971510240001,508.244605218,546.40631619,586.88085813,560.86150974,563.174340708,561.439717482,537.154992318,531.95112264,525.590837478,437.703260694,363.692669718,291.416701968,280.43075487,235.908758736,249.207536802,205.26374841,211.04582583,205.841956152,191.964970344,196.59063228,180.979023246,153.22505163,141.08268904800002,132.409572918,134.722403886,105.812016786,94.826069688,103.499185818,79.214460654,71.697760008,64.759267104,44.521996134000005,27.753971616,30.066802584,21.971894196,16.189816776,13.298778066,4.625661936,7.516700646,3.469246452,0.578207742,-0.0,-0.0,-0.0,-0.0,-0.0,0.578207742,-0.0,-0.0,-0.0,-0.0,-0.0,6.836342869580001,Feeder 1,13413,13401,13400,946,0:55:03,55.05,16:15:00,17:15:00,0.782989650625,0.2969739208216667,0.2675816939366667
13413,-0.0,-0.0,-0.0,-0.0,-0.0,-0.0,0.286392735,-0.0,1.431963675,2.5775346150000003,4.868676495,3.723105555,7.732603845,11.742102135,14.31963675,18.042742305,28.06648803,36.08548461,50.97790683,67.58868546000001,158.947967925,311.59529568,427.584353355,352.83584952,331.64278713,306.726619185,302.144335425,272.932276455,269.78195637,260.330996115,254.030355945,176.131532025,146.06029485,138.04129827,125.153625195,127.15837434,124.008054255,119.71216323,118.852985025,142.337189295,124.008054255,138.61408374,133.172621775,129.163123485,128.87673075,134.60458545,143.76915297,140.33244015,148.065043995,140.046047415,137.4685128,162.957466215,173.267604675,185.58249228,198.18377262,213.64898031,224.818296975,250.020857655,252.0256068,271.50031278,289.25666235,277.80095295,278.94652389000004,278.660131155,265.77245808000004,264.05410167,259.758210645,218.23126407,180.141030315,143.76915297,139.18686921,117.707414085,121.716912375,102.814991865,104.24695554,102.242206395,94.223209815,97.94631537,88.78174785,76.75325298,68.7342564,66.44311452000001,67.01589999000001,51.264299565,47.827586745000005,51.264299565,39.808590165,35.51269914,31.789593585,22.052240595,13.74685128,14.89242222,10.88292393,8.01899658,6.587032905,2.29114188,3.4367128200000003,2.004749145,0.286392735,-0.0,-0.0,-0.0,-0.0,-0.0,0.286392735,-0.0,-0.0,-0.0,-0.0,-0.0,3.3860372166125,Incident Link,13413,13401,13400,946,0:55:03,55.05,16:15:00,17:15:00,0.3878234953125,0.14717404437500003,0.1327748540875
13438,-0.0,-0.0,-0.0,-0.0,0.821845944,0.821845944,0.821845944,0.821845944,2.876460804,4.10922972,8.21845944,21.778917516,26.299070208,32.051991816,59.994753912,76.431672792,106.83997272,140.535656424,194.777488728,289.70069526,378.04913424,455.302652976,530.501556852,507.900793392,488.587413708,487.354644792,506.668024476,470.917725912,470.095879968,460.644651612,429.825428712,350.106372144,329.971146516,330.79299246,313.123304664,301.206538476,290.111618232,308.603151972,312.712381692,288.878849316,288.878849316,317.232534384,301.206538476,318.4653033,342.298835676,304.493922252,342.709758648,340.655143788,334.481453264,381.336518016,415.854047664,425.716198992,541.185554124,1030.8102998519998,3273.02674156,4822.058584776,3600.558967188,2018.051357784,579.40139052,496.394950176,401.882666616,339.833297844,295.453616868,290.522541204,295.042693896,288.878849316,277.783929072,304.904845224,278.194852044,288.878849316,282.304081764,265.04531694,255.183165612,260.114241276,246.142860228,249.430244004,240.800861592,229.705941348,216.967329216,195.599334672,194.777488728,208.337946804,210.803484636,193.13379684,184.504414428,161.903650968,156.972575304,118.345815936,114.236586216,99.443359224,82.595517372,59.994753912,34.92845262,24.65537832,20.957071572,9.040305384,7.807536468,4.10922972,4.520152692,0.410922972,0.410922972,0.821845944,-0.0,0.410922972,0.410922972,-0.0,-0.0,-0.0,-0.0,-0.0,10.235909871669993,Feeder 2,14513,13441,13438,946,1:04:10,64.17,18:15:00,19:15:00,0.39425776257999995,0.14313816857999997,0.13765919562
13441,-0.0,-0.0,-0.0,-0.0,1.181331902,1.181331902,1.181331902,1.181331902,4.725327608,5.90665951,11.81331902,30.714629452,38.393286815,45.481278227,86.237228846,108.091869033,152.98248130899998,200.82642334,277.61299697,417.010161406,538.0966813609999,658.592535365,760.1870789369999,724.7471218769999,703.483147641,699.9391519349999,728.881783534,669.815188434,678.084511748,658.001869414,621.971246403,502.06605835,474.895424604,471.942094849,447.134124907,432.958142083,418.782159259,437.683469691,452.450118466,418.782159259,414.056831651,453.040784417,432.367476132,459.538109878,493.796735036,436.502137789,493.796735036,489.071407428,481.392750065,544.594006822,591.256616951,616.655252844,775.5443936629999,913.760226197,1015.94543572,1036.028078054,1054.338722535,1018.898765475,838.74565042,715.296466661,580.033963882,488.480741477,428.232814475,412.875499749,425.870150671,417.010161406,400.471514778,435.911471838,402.243512631,418.191493308,406.378174288,378.616874591,371.528883179,373.891546983,357.943566306,355.580902502,347.902245139,330.77293256,311.871622128,277.022331019,284.110322431,299.467637157,301.830300961,277.61299697,266.981009852,233.903716596,225.634393282,170.702459839,163.023802476,143.53182609299998,117.542524249,87.41856074799999,50.797271786,36.030623011,28.942631599,13.585316873,11.81331902,5.90665951,6.497325461,0.590665951,0.590665951,1.181331902,-0.0,0.590665951,0.590665951,-0.0,-0.0,-0.0,-0.0,-0.0,10.224263537934725,Feeder 1,14513,13441,13438,946,1:04:10,64.17,18:15:00,19:15:00,0.56703931296,0.20706123060055556,0.19820124133555553
13449,0.0,0.0,0.0,0.0,0.0,0.0,0.0,0.0,0.0,0.0,0.0,0.0,0.0,0.0,0.0,0.0,0.0,0.0,0.0,0.0,0.0,0.0,0.0,0.0,0.0,0.0,0.0,0.0,0.0,0.0,0.0,0.0,0.0,0.0,0.0,0.0,0.0,0.0,0.0,0.0,0.0,0.0,0.0,0.0,0.0,0.0,0.0,0.0,0.0,0.0,0.0,0.0,0.0,0.0,0.0,0.0,0.0,0.0,0.0,0.0,0.0,0.0,0.0,0.0,0.0,0.0,0.0,0.0,0.0,0.0,0.0,0.0,0.0,0.0,0.0,0.0,0.0,0.0,0.0,0.0,0.0,0.0,0.0,0.0,0.0,0.0,0.0,0.0,0.0,0.0,0.0,0.0,0.0,0.0,0.0,0.0,0.0,0.0,0.0,0.0,0.0,0.0,0.0,0.0,0.0,0.0,0.0,0.0,0.0,0.0,0.0,Feeder 1,12982,13449,12980,946,0:46:01,46.02,18:00:00,18:45:00,0.0,0.0,0.0
13460,-0.0,-0.0,-0.0,-0.0,0.923412364,-0.0,1.846824728,-0.0,2.7702370920000003,4.61706182,10.157536004,9.23412364,26.778958556000003,37.859906924,48.940855292,80.336875668,96.95829822,153.286452424,199.457070624,307.496317212,513.417274384,757.19813848,721.185056284,606.681923148,600.2180366,558.66448022,572.51566568,537.4259958480001,491.255377648,434.00381108,397.06731652,262.24911137600003,248.397925916,261.32569901200003,241.934039368,214.231668448,213.308256084,229.006266272,225.312616816,259.478874284,264.09593610400003,253.014987736,274.25347210800004,318.57726558,321.347502672,361.054234324,319.500677944,414.612151436,415.5355638,460.782769636,482.944666372,638.077943524,788.594158856,921.565539272,1075.77540406,1114.558723348,1049.919857868,984.357580024,1031.451610588,964.042508016,890.169518896,889.246106532,783.053684672,831.0711276000001,753.504489024,774.742973396,663.933489716,714.721169736,669.4739639000001,647.312067164,612.222397332,602.988273692,589.137088232,576.209315136,549.4303565800001,587.290263504,554.0474184,539.2728205760001,470.016893276,520.8045732960001,481.097841644,520.8045732960001,454.318883088,362.901059052,386.909780516,363.824471416,290.87489466,249.32133828,174.52493679600002,153.286452424,115.4265455,88.64758694400001,62.792040752000005,34.166257468000005,29.549195648,5.540474184000001,3.693649456,2.7702370920000003,5.540474184000001,2.7702370920000003,0.923412364,0.923412364,0.923412364,1.846824728,-0.0,0.923412364,-0.0,-0.0,0.923412364,-0.0,10.775965784445551,Incident Link,13460,12978,12961,946,0:29:41,29.68,08:00:00,08:30:00,0.44477695532666667,0.23085309099999998,0.14184639924777778
13463,0.0,0.0,0.0,0.0,0.0,0.0,0.0,0.0,0.0,0.0,0.0,0.0,0.0,0.0,0.0,0.0,0.0,0.0,0.0,0.0,0.0,0.0,0.0,0.0,0.0,0.0,0.0,0.0,0.0,0.0,0.0,0.0,0.0,0.0,0.0,0.0,0.0,0.0,0.0,0.0,0.0,0.0,0.0,0.0,0.0,0.0,0.0,0.0,0.0,0.0,0.0,0.0,0.0,0.0,0.0,0.0,0.0,0.0,0.0,0.0,0.0,0.0,0.0,0.0,0.0,0.0,0.0,0.0,0.0,0.0,0.0,0.0,0.0,0.0,0.0,0.0,0.0,0.0,0.0,0.0,0.0,0.0,0.0,0.0,0.0,0.0,0.0,0.0,0.0,0.0,0.0,0.0,0.0,0.0,0.0,0.0,0.0,0.0,0.0,0.0,0.0,0.0,0.0,0.0,0.0,0.0,0.0,0.0,0.0,0.0,0.0,Feeder 1,13467,13463,12982,946,1:34:34,94.57,07:15:00,08:45:00,0.0,0.0,0.0
13467,-0.0,0.392196308,-0.0,0.392196308,0.392196308,0.784392616,0.392196308,0.784392616,2.353177848,2.353177848,6.667337236,7.451729852,14.119067088,18.041030168,23.923974788,47.06355696,58.437249892,86.675384068,114.913518244,181.979086912,267.477882056,402.393412008,384.744578148,338.857610112,336.896628572,316.894616864,323.954150408,292.18624946,287.087697456,245.907085116,220.806521404,167.467823516,145.11263396,153.740952736,133.738941028,147.0736155,133.738941028,138.445296724,140.798474572,148.642400732,153.740952736,148.250204424,147.858008116,166.6834309,151.387774888,196.882546616,166.291234592,192.17619092,201.588902312,216.884558324,227.866054948,281.204752836,354.93765874,381.214811376,491.421973924,510.247396708,471.812158524,515.345948712,541.623101348,493.382955464,461.222858208,456.124306204,413.76710494,431.808135108,400.824626776,393.372896924,359.644014436,390.23532646,375.724063064,346.309339964,342.779573192,341.21078796,317.67900948,319.247794712,325.130739332,316.502420556,313.7570464,305.91312024,301.598960852,294.931623616,289.440875304,316.894616864,260.418348512,202.765491236,207.079650624,177.272731216,145.897026576,115.69791086,86.675384068,64.71239082,47.847949576,31.767900948,20.394208016,9.8049077,6.667337236,1.568785232,1.568785232,1.568785232,0.784392616,1.96098154,1.176588924,0.392196308,0.392196308,0.784392616,-0.0,0.392196308,-0.0,-0.0,0.392196308,-0.0,5.696106656605554,Incident Link,13467,13463,12982,946,1:34:34,94.57,07:15:00,08:45:00,0.5949400105522222,0.10785398469999999,0.08301488519333333
13500,-0.0,-0.0,-0.0,-0.0,0.808381439,2.425144317,2.425144317,2.425144317,11.317340146,13.742484463,24.25144317,48.50288634,65.478896559,93.772246924,130.149411679,191.586401043,249.789864651,324.969338478,446.226554328,720.267862149,873.05195412,918.321314704,1077.572458187,1036.345004798,961.97391241,991.884025653,940.955994996,965.207438166,936.914087801,915.087788948,884.369294266,767.96236705,705.716996247,617.603419396,618.411800835,611.136367884,595.777120543,571.525677373,548.0826156420001,567.483770178,528.681461106,608.711223567,567.483770178,577.1843474460001,599.010646299,585.268161836,594.9687391040001,588.501687592,592.5435947870001,628.1123781030001,648.3219140780001,679.8487901990001,737.243872368,777.6629443180001,838.2915522430001,836.674789365,957.932005215,991.075644214,934.488943484,895.686634412,843.950222316,809.1898204390001,771.1958928060001,777.6629443180001,737.243872368,708.9505220030001,571.525677373,630.5375224200001,589.310069031,593.351976226,530.2982239840001,485.837244839,476.136667571,446.226554328,451.885224401,401.765575183,389.639853598,391.256616476,379.93927633,313.651998332,312.03523545400003,330.628008551,286.975410845,311.226854015,273.232926382,250.59824609,218.26298853,181.077442336,152.784091971,122.873978728,92.155484046,57.395082169000005,42.035834828,29.910113243,18.592773097,8.08381439,7.275432951,4.850288634,4.041907195,0.808381439,-0.0,2.425144317,-0.0,0.808381439,-0.0,-0.0,-0.0,-0.0,-0.0,-0.0,12.946902396784164,Feeder 2,11474,13502,13500,946,0:28:27,28.45,15:45:00,16:15:00,0.7836808950305556,0.4592055674319445,0.43023856586777787
13502,-0.0,-0.0,-0.0,-0.0,0.152856335,0.458569005,0.458569005,0.30571267,2.13998869,2.598557695,4.432833715,9.47709277,12.381363135,17.578478525,23.845588260000003,36.37980773,47.691176520000006,60.83682133000001,84.37669692,136.500707155,165.543410805,173.797652895,205.43891424,197.337528485,183.580458335,188.166148385,180.217618965,183.886171005,177.466204935,174.56193457,168.44768117,147.35350694000002,134.81928747,116.1708146,117.69937795,116.78223994,112.80797523,107.61085984,105.012302145,105.318014815,99.815186755,115.86510193,107.458003505,108.22228518,112.655118895,111.126555545,113.572256905,109.44513586,113.72511324,118.157946955,124.42505669,126.412189045,138.33498317500002,146.894937935,158.512019395,155.9134617,181.59332598,187.554723045,175.326216245,168.75339384,160.04058274500002,151.786340655,144.90780558,145.977799925,138.946408515,134.36071846500002,107.30514717,118.769372295,110.515130205,110.66798654,101.19089377,91.866657335,90.18523765,83.15384624000001,86.21097294,75.20531682000001,73.06532813000001,73.67675347000001,71.383908445,57.47398196,60.22539599,60.683964995,55.0282806,58.543976305,51.206872225000005,47.538320185,39.895503435,34.23981904,29.34841632,23.692731925,17.272765855,10.547087115,7.795673085000001,5.808540730000001,3.515695705,1.681419685,1.375707015,0.91713801,0.7642816750000001,-0.0,0.152856335,0.458569005,-0.0,0.152856335,-0.0,-0.0,-0.0,-0.0,-0.0,-0.0,2.4480366651180563,Feeder 1,11474,13502,13500,946,0:28:27,28.45,15:45:00,16:15:00,0.1476762036472222,0.08661858983333334,0.08080155708472223
13535,-0.0,-0.0,-0.0,-0.0,0.81153041,0.81153041,-0.0,2.43459123,3.24612164,3.24612164,10.54989533,9.73836492,21.91132107,25.15744271,34.89580763,51.93794624,57.61865911,79.52998018000001,107.93354453,161.49455159,200.44801127,413.06897869,758.78093335,661.39728415,610.27086832,601.34403381,613.51698996,542.91384429,529.92935773,472.31069862,456.89162083,303.51237334,268.61656571000003,239.40147095,252.38595751,206.12872414,240.21300136,210.18637619,216.67861947,220.73627152,187.46352471,201.25954168,208.56331537,205.31719373,215.86708906,193.14423758,210.9979066,194.7672984,180.97128143,200.44801127,203.69413291,219.1132107,232.09769726,207.75178496,214.24402824,223.98239316,247.51677505,262.93585284,278.35493063,293.77400842000003,316.4968599,335.16205933000003,360.31950204,377.36164065,429.29958689,393.59224885,455.26856001,404.14214418,307.57002539,261.31279202,236.15534931,223.17086275,238.58994054,211.80943701,168.79832528,179.34822061,189.08658553,183.40587266,150.94465626000002,136.33710888000002,106.31048371,95.76058838,89.2683451,88.45681469,68.98008485,45.445702960000006,31.64968599,32.4612164,14.60754738,17.85366902,14.60754738,9.73836492,0.81153041,4.86918246,3.24612164,0.81153041,0.81153041,-0.0,-0.0,-0.0,-0.0,-0.0,0.81153041,-0.0,-0.0,-0.0,-0.0,-0.0,-0.0,-0.0,5.321385238461112,Feeder 1,13208,13535,13205,946,1:06:17,66.28,06:30:00,07:45:00,0.9014750304416665,0.3212307872916667,0.2784000156527778
13567,-0.0,-0.0,-0.0,-0.0,-0.0,-0.0,0.377323801,0.377323801,1.886619005,1.509295204,4.150561811,1.886619005,11.697037831,12.074361632,18.488866249,30.940551682,33.581818289000005,38.109703901,61.881103364000005,75.842084001,99.613483464,171.305005654,351.288458731,336.950154293,278.08764133700004,282.99285075,296.199183785,252.80694667,258.089479884,223.753013993,224.884985396,141.87374917600002,133.195301753,126.026149534,113.951787902,115.461083106,110.555873693,114.329111703,109.046578489,118.856997315,101.87742627,112.442492698,103.386721474,104.141369076,105.273340479,111.310521295,107.914607086,95.085597852,97.349540658,109.046578489,111.687845096,106.782635683,132.06333035,116.97037831,110.178549892,125.648825733,133.195301753,138.855158768,145.269663385,163.003882032,169.041062848,176.964862669,189.793871903,198.472319326,209.792033356,210.546680958,218.84780458,192.812462311,147.910929992,129.799387544,125.271501932,117.725025912,119.234321116,104.518692877,89.425740837,96.594893056,78.48335060800001,91.312359842,86.407150429,70.93687458800001,59.617160558,52.448008339000005,50.184065533,36.223084896,39.618999105,25.280694667,19.243513851,15.847599642,11.697037831,9.055771224,4.905209413000001,4.150561811,3.018590408,1.886619005,0.754647602,-0.0,0.754647602,0.377323801,-0.0,-0.0,-0.0,-0.0,0.754647602,-0.0,-0.0,-0.0,-0.0,-0.0,-0.0,-0.0,2.678684550599168,Feeder 2,13073,13076,13567,946,0:57:21,57.35,14:00:00,15:00:00,0.16046742759194443,0.07190114652388889,0.07892356170916666
13618,-0.0,-0.0,-0.0,-0.0,-0.0,-0.0,-0.0,0.198226085,-0.0,0.39645217,0.594678255,0.39645217,0.594678255,0.991130425,1.784034765,1.98226085,2.77516519,4.75742604,9.11839991,16.056312885,60.26072984,130.630990015,166.5099114,148.471337665,139.749389925,125.080659635,123.29662487,112.394190195,107.83499024,110.808381515,94.553842545,63.82879937,49.358295165,51.5387821,38.654086575,35.878921385,31.914399685,38.654086575,33.103756195,37.26650398,37.068277895,41.429251765,41.429251765,37.26650398,45.19554738,43.015060445,51.5387821,51.737008185,53.719269035,55.10685163,51.5387821,64.62170371,77.70462532,92.37335561,108.429668495,117.74629449,117.34984232,123.891303125,128.45050308,119.72855534,129.24340742,111.997738025,106.843859815,100.500625095,83.849633955,74.731234045,66.009286305,57.683790735,43.411512615,29.932138835,31.914399685,27.553425815,27.553425815,24.778260625,30.13036492,22.59777369,19.42615633,22.59777369,19.8226085,17.84034765,14.074052035,13.87582595,16.056312885,11.8935651,12.884695525,13.08292161,11.695339015,10.902434675,9.91130425,5.94678255,4.955652125,5.352104295,2.180486935,1.98226085,1.58580868,-0.0,0.39645217,0.198226085,0.198226085,-0.0,-0.0,0.198226085,-0.0,-0.0,0.39645217,-0.0,-0.0,-0.0,-0.0,-0.0,1.218044229523611,Feeder 2,12907,12904,13618,946,1:29:49,89.82,08:30:00,10:00:00,0.14349366041944442,0.018831478074999998,0.019932734102777776
13640,-0.0,-0.0,-0.0,0.533074568,0.533074568,-0.0,1.599223704,0.533074568,1.599223704,2.66537284,4.797671112,6.929969384,10.128416792,17.058386176,32.517548648,47.443636552,75.163514088,196.171441024,416.864312176,598.642739864,778.28886928,814.004865336,781.487316688,714.31992112,672.740104816,699.9269077839999,713.253771984,692.463863832,633.2925867839999,629.02799024,578.38590628,491.494751696,477.634812928,399.805926,384.346763528,369.953750192,335.83697784,323.043188208,330.50623216,332.105455864,276.132626224,275.066477088,280.397222768,292.657937832,266.004209432,272.934178816,253.2104198,255.87579264,269.735731408,228.155915104,248.412748688,256.408867208,268.136507704,271.334955112,308.650174872,325.708561048,376.350645008,395.008254888,461.642575888,450.44800996,444.584189712,447.249562552,402.47129884,426.4596544,382.747539824,345.432320064,304.918652896,269.735731408,234.55280992,218.56057288,205.23370868,191.373769912,163.653892376,156.72392299199998,181.24535312,150.327028176,152.992401016,113.544882984,118.342554096,107.147988168,107.681062736,94.354198536,91.155751128,75.163514088,73.031215816,52.774382232,45.844412848,47.443636552,23.98835556,19.190684448,14.926087904,9.062267656,6.929969384,3.731521976,3.198447408,1.599223704,2.132298272,2.132298272,0.533074568,0.533074568,-0.0,0.533074568,-0.0,-0.0,0.533074568,0.533074568,0.533074568,-0.0,-0.0,0.533074568,6.748131725804446,Feeder 1,12931,13640,12934,946,0:16:37,16.62,16:30:00,16:45:00,0.2477315978511111,0.2302585981222222,0.2022721833022222
14513,-0.0,-0.0,-0.0,-0.0,1.942764154,1.942764154,1.942764154,1.942764154,6.799674539,10.685202847,19.42764154,48.56910385,65.082599159,75.767802006,140.850401165,177.762920091,245.759665481,335.126816565,443.921609189,687.738510516,882.986307993,1079.205487547,1251.140115176,1189.943044325,1159.830199938,1154.973289553,1189.943044325,1104.461421549,1122.917681012,1074.348577162,1035.493294082,823.732001296,788.762246524,773.220133292,738.25037852,710.080298287,690.652656747,714.937208672,742.135906828,695.509567132,672.196397284,749.906963444,713.965826595,750.878345521,817.903708834,714.937208672,814.989562603,804.304359756,795.561921063,889.785982532,966.525166615,1018.008416696,1273.481902947,1497.871162734,1672.719936594,1695.061724365,1739.745299907,1666.891644132,1390.047752187,1175.37231317,952.925817537,803.332977679,706.1947699790001,681.910218054,699.39509544,679.9674539,659.568430283,712.994444518,663.4539585910001,688.7098925930001,663.4539585910001,622.655911357,612.942090587,612.942090587,588.657538662,584.772010354,575.058189584,543.97396312,515.803882887,454.606812036,470.148925268,499.290387578,489.576566808,462.377868652,440.036080881,383.695920415,371.067953414,279.758038176,267.130071175,236.045844711,194.2764154,147.650075704,82.567476545,59.254306697,47.597721773,23.313169848,18.456259463,10.685202847,10.685202847,0.971382077,0.971382077,1.942764154,-0.0,0.971382077,0.971382077,-0.0,-0.0,-0.0,-0.0,-0.0,16.814084096160553,Incident Link,14513,13441,13438,946,1:04:10,64.17,18:15:00,19:15:00,0.9309078237916668,0.34052338365944446,0.32595265250444444
16214,-0.0,-0.0,0.842194638,0.842194638,0.842194638,1.684389276,1.684389276,1.684389276,7.579751742000001,5.895362466,27.792423054,31.161201606,68.217765678,81.692879886,98.536772646,176.018679342,213.075243414,245.920834296,294.7681233,280.450814454,311.61201606000003,346.14199621800003,352.87955332200005,357.090526512,309.085432146,337.720049838,311.61201606000003,352.037358684,336.03566056200003,337.720049838,314.980794612,298.136901852,305.71665359400004,314.13859997400004,306.558848232,334.35127128600004,297.294707214,302.347875042,309.92762678400004,305.71665359400004,345.784351716,323.402740992,323.402740992,297.294707214,318.349573164,298.136901852,296.452512576,341.08882839,303.19006968,303.19006968,340.24663375200004,320.876157078,325.92932490600003,312.454210698,321.71835171600003,357.090526512,324.24493563000004,297.294707214,319.191767802,346.14199621800003,349.51077477,13104.0817488,19608.49438632,19548.28949352,19487.47458096,19637.1068828,19634.15307744,19403.01024528,18678.57647376,19047.38494344,19249.79644696,19630.93552032,19336.89888984,19225.92183624,19271.28603088,19267.75003088,19272.61203088,19225.92183624,19271.28603088,19267.75003088,19272.61203088,19225.92183624,11684.64918464,237.498887916,242.55205574400003,210.5486595,228.23474689800003,208.864270224,162.543565134,161.701370496,140.64650454600002,128.855779614,105.27432975,66.533376402,48.847289004,32.003396244,16.001698122,16.843892760000003,6.737557104,8.421946380000001,3.368778552,0.842194638,-0.0,-0.0,0.842194638,-0.0,-0.0,-0.0,-0.0,-0.0,118.92329503870776,Feeder 2,16613,16665,16214,946,0:36:13,36.22,09:45:00,10:15:00,0.26529131097,0.16656738395999998,0.17101230010500001
16580,-0.0,-0.0,-0.0,-0.0,0.608847054,-0.0,1.217694108,2.435388216,3.653082324000001,7.915011702000001,17.656564566,24.962729214000003,49.925458428000006,56.622776022,92.544752208,136.38174009600002,191.78682201,214.92301006200003,249.018445086,267.28385670600005,268.50155081400004,268.50155081400004,266.066162598,267.89270376,263.021927328,265.45731554400004,268.50155081400004,268.50155081400004,259.36884500400004,268.50155081400004,240.49458633000003,232.579574628,198.484139604,205.18145719800003,210.05223363,202.13722192800003,208.225692468,182.6541162,193.613363172,210.05223363,202.13722192800003,197.266445496,199.701833712,217.358398278,222.22917471,217.358398278,238.668045168,215.53185711600003,227.099951142,227.70879819600003,226.491104088,230.75303346600003,236.841504006,223.446868818,238.668045168,235.014962844,227.70879819600003,236.232656952,256.933456788,250.23613919400003,241.10343338400003,249.018445086,238.668045168,254.498068572,241.712280438,249.018445086,264.84846849,265.45731554400004,249.018445086,223.446868818,238.668045168,217.96724533200003,229.535339358,199.701833712,227.70879819600003,219.18493944,221.011480602,189.35143379400003,213.0964689,202.13722192800003,208.225692468,191.177974956,172.303716282,170.47717512000003,157.082539932,123.59595196200002,132.72865777200002,98.024375694,81.585505236,57.231623076000005,57.231623076000005,28.615811538000003,24.35388216,15.830023404000002,10.959246972,3.653082324000001,5.479623486,2.435388216,1.217694108,-0.0,0.608847054,-0.0,-0.0,-0.0,-0.0,1.217694108,-0.0,-0.0,-0.0,-0.0,4.6586947081900005,Feeder 2,16583,16582,16580,946,0:53:36,53.6,17:15:00,18:15:00,0.3543151605916667,0.13124036497333333,0.12684313625
16582,-0.0,-0.0,-0.0,-0.0,-0.0,-0.0,0.444716473,2.223582365,2.668298838,2.668298838,7.115463568,10.228478879,16.009793028,30.027555434,37.800900205,56.589559125,91.086934518,159.150907587,666.664646753,1813.158826794,5031.23894798,5885.392097389999,16485.919365629998,5673.6609174,4034.340949282,1583.435305673,4622.194886820001,8774.90067974,7332.55235034,2718.353202187,1711.489707997,2064.701707997,1288.799945591,1074.740079699,2364.814110321,679.509869036,670.497332604,380.836493643,724.405987833,1173.736512645,509.218972522,501.03777717,469.486405468,783.3992866709999,717.937420779,485.623091319,756.3990643879999,556.648152563,724.943033766,661.9061525630001,563.712734928,530.965301982,663.537332604,543.7983172930001,968.606512645,1377.683125632,2193.011738619,3996.43927389,1048.403976213,2555.892470403,3827.507485714,2462.940022146,1952.768006835,2514.785455092,1912.057275051,1759.9688574159998,3032.057738619,1294.177543267,941.54509501,816.58360082,813.5184820229999,418.077627751,604.088957211,344.806045386,351.795478332,373.434911278,210.587298291,397.641715926,376.224865345,173.702221736,312.093984142,184.615355844,138.662114559,139.496428708,169.20839808600002,71.92000738200001,80.309693233,64.137409706,51.914333151,25.000973069,25.477973069,13.34149419,11.562628298,5.336597676,5.336597676,2.223582365,2.668298838,2.668298838,0.889432946,-0.0,-0.0,-0.0,0.444716473,-0.0,-0.0,-0.0,-0.0,-0.0,-0.0,-0.0,34.35155154309138,Feeder 1,16583,16582,16580,946,0:53:36,53.6,17:15:00,18:15:00,2.920290797068055,0.48836908217499997,0.3421100304927778
16583,-0.0,-0.0,-0.0,-0.0,-0.0,-0.0,0.753556816,3.76778408,4.521340896,4.521340896,12.056909056,17.331806768,26.37448856,43.706295328,64.05232936,94.194602,123.583317824,162.76827225600002,271.28045376,287.105146896,319.508089984,315.740305904,332.318555856,324.02943088,323.275874064,305.944067296,297.65494232000003,327.043658144,323.275874064,316.49386272,295.394271872,299.915612768,275.04823784,271.28045376,287.105146896,253.195090176,258.469987888,218.53147664,240.384624304,275.801794656,238.123953856,219.285033456,235.863283408,241.13818112,247.166635648,229.83482888,266.005556048,253.195090176,259.223544704,246.413078832,252.44153336,251.687976544,264.498442416,254.702203808,278.062465104,287.867146896,296.901385504,296.901385504,319.050930976,317.243180928,386.701396848,330.15607864000003,298.408499136,303.68339684800003,293.88715824,297.65494232000003,307.499055952,288.612260528,281.076692368,259.223544704,285.711544704,217.777919824,243.278158432,220.038590272,212.503022112,212.503022112,201.953226688,200.446113056,199.69255624,175.578738128,188.389204,174.071624496,139.40801096,148.450692752,136.393783696,99.469499712,94.194602,91.180374736,64.805886176,39.184954432,40.692068064,24.113818112,19.592477216,9.042681792,9.042681792,3.76778408,4.521340896,4.521340896,0.753556816,0.753556816,-0.0,-0.0,0.753556816,-0.0,-0.0,-0.0,-0.0,-0.0,-0.0,-0.0,5.205978959195554,Incident Link,16583,16582,16580,946,0:53:36,53.6,17:15:00,18:15:00,0.41426022608,0.1500833991866667,0.1398581845911111
16613,-0.0,-0.0,-0.0,-0.0,-0.0,0.967780354,0.483890177,0.483890177,2.903341062,1.935560708,8.710023185999999,11.129474071,25.646179381,28.549520443,32.420641859,63.873503364,78.874098851,120.004763896,143.231492392,161.135428941,168.877671773,193.5560708,192.104400269,210.492226995,201.298313632,187.265498499,174.20046372,186.781608322,182.910486906,168.393781596,178.07158513599998,153.393186109,161.619319118,169.845452127,165.00655035699998,173.71657354299998,155.812636994,153.393186109,162.103209295,155.328746817,172.748793189,167.909891419,165.00655035699998,149.522064693,164.52266018,165.490440534,161.135428941,179.03936549,161.135428941,159.68375841,177.103804782,179.03936549,181.458816375,184.846047614,179.523255667,206.621105579,196.459411862,202.266093986,212.91167788,213.879458234,213.879458234,213.395568057,213.879458234,213.879458234,213.879458234,213.395568057,213.879458234,213.879458234,213.879458234,213.395568057,213.879458234,213.879458234,213.879458234,202.749984163,197.911082393,198.878862747,202.266093986,190.652729738,197.911082393,198.878862747,182.910486906,197.427192216,180.491036021,132.102018321,136.457029914,116.617532657,112.746411241,104.036388055,81.777439913,81.777439913,64.357393541,60.002381948,50.808468585,30.485081151,20.323387434,13.548924956,6.774462477999999,4.355011593,3.387231239,2.903341062,1.451670531,0.483890177,-0.0,0.483890177,-0.0,0.483890177,-0.0,-0.0,-0.0,-0.0,3.7525683226349984,Incident Link,16613,16665,16214,946,0:36:13,36.22,09:45:00,10:15:00,0.1412690488963889,0.0858905064175,0.08817554336444444
16665,-0.0,-0.0,-0.0,-0.0,-0.0,1.764507886,0.882253943,0.882253943,5.293523658,3.529015772,15.880570974,20.291840689,46.759458979,52.052982637,59.993268124,119.104282305,142.042884823,247.062723921,394.456928957,589.716309076,1114.902911594,2002.434799599,1303.807339029,7705.940241480001,3209.3015772,839.9672917129999,575.931657651,863.9137995990001,770.895482568,840.3831339929999,1173.628435252,462.631007817,515.4468169620001,864.212626107,605.482102449,743.2989115940001,512.718515703,583.4412617600001,531.7300709049999,501.16251570300005,1032.614641879,650.668641879,505.395832734,489.25872233,790.973086677,670.652102449,579.908816962,935.508704967,636.688816962,553.530563019,910.159927366,975.729704967,1087.595228625,1284.066752283,1220.967482568,4558.973162679999,4499.040146920001,3739.71411663,7672.8030033,23485.01382816,22160.38097178,29065.59024148,28355.11151118,29699.69798754,28559.71298754,29594.48874936,29465.27297178,26323.51220996,24015.60176512,28605.66125724,28362.36824148,29383.58874936,26385.88068632,4567.89282994,1558.331100858,1874.293402117,3985.447608744,1102.168561428,1719.23411663,2162.280624516,902.938466796,2474.988624516,1059.299212853,476.486818553,492.208865869,333.756184491,304.131184491,251.290343802,180.402408481,182.490662424,129.344028362,110.781742875,90.872156129,55.581998409,37.936919549,23.820856461,12.351555202,7.940285487000001,6.175777601,5.293523658,2.646761829,0.882253943,-0.0,0.882253943,-0.0,0.882253943,-0.0,-0.0,-0.0,-0.0,129.94169675048946,Feeder 1,16613,16665,16214,946,0:36:13,36.22,09:45:00,10:15:00,0.6147204555972222,0.3044888270730555,0.2869146073911111
17138,0.0,0.0,0.0,0.0,0.0,0.0,0.0,0.0,0.0,0.0,0.0,0.0,0.0,0.0,0.0,0.0,0.0,0.0,0.0,0.0,0.0,0.0,0.0,0.0,0.0,0.0,0.0,0.0,0.0,0.0,0.0,0.0,0.0,0.0,0.0,0.0,0.0,0.0,0.0,0.0,0.0,0.0,0.0,0.0,0.0,0.0,0.0,0.0,0.0,0.0,0.0,0.0,0.0,0.0,0.0,0.0,0.0,0.0,0.0,0.0,0.0,0.0,0.0,0.0,0.0,0.0,0.0,0.0,0.0,0.0,0.0,0.0,0.0,0.0,0.0,0.0,0.0,0.0,0.0,0.0,0.0,0.0,0.0,0.0,0.0,0.0,0.0,0.0,0.0,0.0,0.0,0.0,0.0,0.0,0.0,0.0,0.0,0.0,0.0,0.0,0.0,0.0,0.0,0.0,0.0,0.0,0.0,0.0,0.0,0.0,0.0,Feeder 1,19698,17138,22259,946,1:06:06,66.1,17:45:00,19:00:00,0.0,0.0,0.0
17260,-0.0,-0.0,-0.0,-0.0,-0.0,-0.0,0.0529042589999999,0.035269506,0.035269506,0.088173765,0.1058085179999999,0.193982283,0.4232340719999999,0.652485861,0.987546168,1.463684499,2.027996595,4.443957756,11.233337661,16.858823867999998,18.534125403,17.934543801,18.534125403,16.611937326,14.760288261,14.019628635,14.143071906,11.762380251,12.397231359,11.727110745,12.608848395,9.187706313,7.106805458999999,6.454319598,7.089170706,7.194979224,7.159709718,7.194979224,7.40659626,7.247883483,7.918004097,7.071535953,6.983362188,7.565309037,7.477135272,7.829830332,7.477135272,7.494770025,6.613032375,7.882734591,9.064263042,9.011358783,10.016539704,10.122348222,10.915912107,11.744745498,14.125437153,16.312146525,18.251969355,19.821462372,20.262331197,21.214607859,21.69074619,21.726015696,22.21978878,20.897182305,21.637841931,19.57457583,18.040352319,14.742653508,15.060079062,14.301784683,11.99163204,11.056990131,11.233337661,10.069443963,10.422139023,9.628575138,8.517585699,7.970908356,6.031085526,5.731294725,5.572581948,5.378599664999999,3.826741401,2.751021468,1.569493017,1.640032029,1.23443271,0.687755367,0.4232340719999999,0.4761383309999999,0.370329813,0.282156048,0.17634753,0.141078024,0.088173765,0.035269506,0.088173765,-0.0,-0.0,0.0529042589999999,0.070539012,0.017634753,-0.0,-0.0,-0.0,0.017634753,-0.0,0.017634753,0.2278655014725001,Feeder 1,25182,17260,18236,946,0:36:50,36.83,08:30:00,09:00:00,0.0102036640275,0.00452625327,0.0037620806399999997
17269,0.0,0.0,0.0,0.0,0.0,0.0,0.0,0.0,0.0,0.0,0.0,0.0,0.0,0.0,0.0,0.0,0.0,0.0,0.0,0.0,0.0,0.0,0.0,0.0,0.0,0.0,0.0,0.0,0.0,0.0,0.0,0.0,0.0,0.0,0.0,0.0,0.0,0.0,0.0,0.0,0.0,0.0,0.0,0.0,0.0,0.0,0.0,0.0,0.0,0.0,0.0,0.0,0.0,0.0,0.0,0.0,0.0,0.0,0.0,0.0,0.0,0.0,0.0,0.0,0.0,0.0,0.0,0.0,0.0,0.0,0.0,0.0,0.0,0.0,0.0,0.0,0.0,0.0,0.0,0.0,0.0,0.0,0.0,0.0,0.0,0.0,0.0,0.0,0.0,0.0,0.0,0.0,0.0,0.0,0.0,0.0,0.0,0.0,0.0,0.0,0.0,0.0,0.0,0.0,0.0,0.0,0.0,0.0,0.0,0.0,0.0,Feeder 1,18234,17269,25185,946,1:07:03,67.05,14:15:00,15:15:00,0.0,0.0,0.0
17611,0.0,0.0,0.0,0.0,0.0,0.0,0.0,0.0,0.0,0.0,0.0,0.0,0.0,0.0,0.0,0.0,0.0,0.0,0.0,0.0,0.0,0.0,0.0,0.0,0.0,0.0,0.0,0.0,0.0,0.0,0.0,0.0,0.0,0.0,0.0,0.0,0.0,0.0,0.0,0.0,0.0,0.0,0.0,0.0,0.0,0.0,0.0,0.0,0.0,0.0,0.0,0.0,0.0,0.0,0.0,0.0,0.0,0.0,0.0,0.0,0.0,0.0,0.0,0.0,0.0,0.0,0.0,0.0,0.0,0.0,0.0,0.0,0.0,0.0,0.0,0.0,0.0,0.0,0.0,0.0,0.0,0.0,0.0,0.0,0.0,0.0,0.0,0.0,0.0,0.0,0.0,0.0,0.0,0.0,0.0,0.0,0.0,0.0,0.0,0.0,0.0,0.0,0.0,0.0,0.0,0.0,0.0,0.0,0.0,0.0,0.0,Feeder 2,24751,17630,17611,946,0:52:36,52.6,16:15:00,17:00:00,0.0,0.0,0.0
17630,0.0,0.0,0.0,0.0,0.0,0.0,0.0,0.0,0.0,0.0,0.0,0.0,0.0,0.0,0.0,0.0,0.0,0.0,0.0,0.0,0.0,0.0,0.0,0.0,0.0,0.0,0.0,0.0,0.0,0.0,0.0,0.0,0.0,0.0,0.0,0.0,0.0,0.0,0.0,0.0,0.0,0.0,0.0,0.0,0.0,0.0,0.0,0.0,0.0,0.0,0.0,0.0,0.0,0.0,0.0,0.0,0.0,0.0,0.0,0.0,0.0,0.0,0.0,0.0,0.0,0.0,0.0,0.0,0.0,0.0,0.0,0.0,0.0,0.0,0.0,0.0,0.0,0.0,0.0,0.0,0.0,0.0,0.0,0.0,0.0,0.0,0.0,0.0,0.0,0.0,0.0,0.0,0.0,0.0,0.0,0.0,0.0,0.0,0.0,0.0,0.0,0.0,0.0,0.0,0.0,0.0,0.0,0.0,0.0,0.0,0.0,Feeder 1,24751,17630,17611,946,0:52:36,52.6,16:15:00,17:00:00,0.0,0.0,0.0
17789,0.0,0.0,0.0,0.0,0.0,0.0,0.0,0.0,0.0,0.0,0.0,0.0,0.0,0.0,0.0,0.0,0.0,0.0,0.0,0.0,0.0,0.0,0.0,0.0,0.0,0.0,0.0,0.0,0.0,0.0,0.0,0.0,0.0,0.0,0.0,0.0,0.0,0.0,0.0,0.0,0.0,0.0,0.0,0.0,0.0,0.0,0.0,0.0,0.0,0.0,0.0,0.0,0.0,0.0,0.0,0.0,0.0,0.0,0.0,0.0,0.0,0.0,0.0,0.0,0.0,0.0,0.0,0.0,0.0,0.0,0.0,0.0,0.0,0.0,0.0,0.0,0.0,0.0,0.0,0.0,0.0,0.0,0.0,0.0,0.0,0.0,0.0,0.0,0.0,0.0,0.0,0.0,0.0,0.0,0.0,0.0,0.0,0.0,0.0,0.0,0.0,0.0,0.0,0.0,0.0,0.0,0.0,0.0,0.0,0.0,0.0,Feeder 2,18356,25231,17789,946,1:08:56,68.93,16:45:00,18:00:00,0.0,0.0,0.0
18234,0.0,0.0,0.0,0.0,0.0,0.0,0.0,0.0,0.0,0.0,0.0,0.0,0.0,0.0,0.0,0.0,0.0,0.0,0.0,0.0,0.0,0.0,0.0,0.0,0.0,0.0,0.0,0.0,0.0,0.0,0.0,0.0,0.0,0.0,0.0,0.0,0.0,0.0,0.0,0.0,0.0,0.0,0.0,0.0,0.0,0.0,0.0,0.0,0.0,0.0,0.0,0.0,0.0,0.0,0.0,0.0,0.0,0.0,0.0,0.0,0.0,0.0,0.0,0.0,0.0,0.0,0.0,0.0,0.0,0.0,0.0,0.0,0.0,0.0,0.0,0.0,0.0,0.0,0.0,0.0,0.0,0.0,0.0,0.0,0.0,0.0,0.0,0.0,0.0,0.0,0.0,0.0,0.0,0.0,0.0,0.0,0.0,0.0,0.0,0.0,0.0,0.0,0.0,0.0,0.0,0.0,0.0,0.0,0.0,0.0,0.0,Incident Link,18234,17269,25185,946,1:07:03,67.05,14:15:00,15:15:00,0.0,0.0,0.0
18236,-0.0,-0.0,-0.0,-0.0,-0.0,-0.0,0.002481,0.001654,0.001654,0.003308,0.004962,0.009097,0.020675,0.031426,0.047966,0.068641,0.097586,0.211712,0.5325880000000001,0.7897850000000001,0.871658,0.842713,0.865869,0.7782070000000001,0.688891,0.655811,0.662427,0.559052,0.5822080000000001,0.547474,0.597094,0.428386,0.333281,0.304336,0.335762,0.338243,0.334935,0.334108,0.346513,0.340724,0.37215,0.329973,0.325838,0.357264,0.346513,0.368015,0.351475,0.346513,0.31426,0.371323,0.423424,0.429213,0.46312,0.474698,0.511086,0.5491280000000001,0.6616000000000001,0.767456,0.854291,0.927067,0.955185,0.999843,1.007286,1.032096,1.03375,0.979995,1.013075,0.916316,0.849329,0.684756,0.708739,0.670697,0.560706,0.513567,0.526799,0.473871,0.48793,0.458158,0.401095,0.37215,0.282007,0.27291,0.261332,0.249754,0.179459,0.125704,0.073603,0.075257,0.057063,0.032253,0.020675,0.020675,0.017367,0.013232,0.00827,0.006616,0.004135,0.001654,0.004135,-0.0,-0.0,0.002481,0.003308,0.000827,-0.0,-0.0,-0.0,0.000827,-0.0,0.000827,0.0106875966666666,Feeder 2,25182,17260,18236,946,0:36:50,36.83,08:30:00,09:00:00,0.00047966,0.00021157416666666665,0.000177805
18356,0.0,0.0,0.0,0.0,0.0,0.0,0.0,0.0,0.0,0.0,0.0,0.0,0.0,0.0,0.0,0.0,0.0,0.0,0.0,0.0,0.0,0.0,0.0,0.0,0.0,0.0,0.0,0.0,0.0,0.0,0.0,0.0,0.0,0.0,0.0,0.0,0.0,0.0,0.0,0.0,0.0,0.0,0.0,0.0,0.0,0.0,0.0,0.0,0.0,0.0,0.0,0.0,0.0,0.0,0.0,0.0,0.0,0.0,0.0,0.0,0.0,0.0,0.0,0.0,0.0,0.0,0.0,0.0,0.0,0.0,0.0,0.0,0.0,0.0,0.0,0.0,0.0,0.0,0.0,0.0,0.0,0.0,0.0,0.0,0.0,0.0,0.0,0.0,0.0,0.0,0.0,0.0,0.0,0.0,0.0,0.0,0.0,0.0,0.0,0.0,0.0,0.0,0.0,0.0,0.0,0.0,0.0,0.0,0.0,0.0,0.0,Incident Link,18356,25231,17789,946,1:08:56,68.93,16:45:00,18:00:00,0.0,0.0,0.0
19698,0.0,0.0,0.0,0.0,0.0,0.0,0.0,0.0,0.0,0.0,0.0,0.0,0.0,0.0,0.0,0.0,0.0,0.0,0.0,0.0,0.0,0.0,0.0,0.0,0.0,0.0,0.0,0.0,0.0,0.0,0.0,0.0,0.0,0.0,0.0,0.0,0.0,0.0,0.0,0.0,0.0,0.0,0.0,0.0,0.0,0.0,0.0,0.0,0.0,0.0,0.0,0.0,0.0,0.0,0.0,0.0,0.0,0.0,0.0,0.0,0.0,0.0,0.0,0.0,0.0,0.0,0.0,0.0,0.0,0.0,0.0,0.0,0.0,0.0,0.0,0.0,0.0,0.0,0.0,0.0,0.0,0.0,0.0,0.0,0.0,0.0,0.0,0.0,0.0,0.0,0.0,0.0,0.0,0.0,0.0,0.0,0.0,0.0,0.0,0.0,0.0,0.0,0.0,0.0,0.0,0.0,0.0,0.0,0.0,0.0,0.0,Incident Link,19698,17138,22259,946,1:06:06,66.1,17:45:00,19:00:00,0.0,0.0,0.0
20454,0.0,0.0,0.0,0.0,0.0,0.0,0.0,0.0,0.0,0.0,0.0,0.0,0.0,0.0,0.0,0.0,0.0,0.0,0.0,0.0,0.0,0.0,0.0,0.0,0.0,0.0,0.0,0.0,0.0,0.0,0.0,0.0,0.0,0.0,0.0,0.0,0.0,0.0,0.0,0.0,0.0,0.0,0.0,0.0,0.0,0.0,0.0,0.0,0.0,0.0,0.0,0.0,0.0,0.0,0.0,0.0,0.0,0.0,0.0,0.0,0.0,0.0,0.0,0.0,0.0,0.0,0.0,0.0,0.0,0.0,0.0,0.0,0.0,0.0,0.0,0.0,0.0,0.0,0.0,0.0,0.0,0.0,0.0,0.0,0.0,0.0,0.0,0.0,0.0,0.0,0.0,0.0,0.0,0.0,0.0,0.0,0.0,0.0,0.0,0.0,0.0,0.0,0.0,0.0,0.0,0.0,0.0,0.0,0.0,0.0,0.0,Incident Link,20454,20457,20458,946,3:32:17,212.28,14:30:00,18:00:00,0.0,0.0,0.0
20457,0.0,0.0,0.0,0.0,0.0,0.0,0.0,0.0,0.0,0.0,0.0,0.0,0.0,0.0,0.0,0.0,0.0,0.0,0.0,0.0,0.0,0.0,0.0,0.0,0.0,0.0,0.0,0.0,0.0,0.0,0.0,0.0,0.0,0.0,0.0,0.0,0.0,0.0,0.0,0.0,0.0,0.0,0.0,0.0,0.0,0.0,0.0,0.0,0.0,0.0,0.0,0.0,0.0,0.0,0.0,0.0,0.0,0.0,0.0,0.0,0.0,0.0,0.0,0.0,0.0,0.0,0.0,0.0,0.0,0.0,0.0,0.0,0.0,0.0,0.0,0.0,0.0,0.0,0.0,0.0,0.0,0.0,0.0,0.0,0.0,0.0,0.0,0.0,0.0,0.0,0.0,0.0,0.0,0.0,0.0,0.0,0.0,0.0,0.0,0.0,0.0,0.0,0.0,0.0,0.0,0.0,0.0,0.0,0.0,0.0,0.0,Feeder 1,20454,20457,20458,946,3:32:17,212.28,14:30:00,18:00:00,0.0,0.0,0.0
20458,0.0,0.0,0.0,0.0,0.0,0.0,0.0,0.0,0.0,0.0,0.0,0.0,0.0,0.0,0.0,0.0,0.0,0.0,0.0,0.0,0.0,0.0,0.0,0.0,0.0,0.0,0.0,0.0,0.0,0.0,0.0,0.0,0.0,0.0,0.0,0.0,0.0,0.0,0.0,0.0,0.0,0.0,0.0,0.0,0.0,0.0,0.0,0.0,0.0,0.0,0.0,0.0,0.0,0.0,0.0,0.0,0.0,0.0,0.0,0.0,0.0,0.0,0.0,0.0,0.0,0.0,0.0,0.0,0.0,0.0,0.0,0.0,0.0,0.0,0.0,0.0,0.0,0.0,0.0,0.0,0.0,0.0,0.0,0.0,0.0,0.0,0.0,0.0,0.0,0.0,0.0,0.0,0.0,0.0,0.0,0.0,0.0,0.0,0.0,0.0,0.0,0.0,0.0,0.0,0.0,0.0,0.0,0.0,0.0,0.0,0.0,Feeder 2,20454,20457,20458,946,3:32:17,212.28,14:30:00,18:00:00,0.0,0.0,0.0
22259,0.0,0.0,0.0,0.0,0.0,0.0,0.0,0.0,0.0,0.0,0.0,0.0,0.0,0.0,0.0,0.0,0.0,0.0,0.0,0.0,0.0,0.0,0.0,0.0,0.0,0.0,0.0,0.0,0.0,0.0,0.0,0.0,0.0,0.0,0.0,0.0,0.0,0.0,0.0,0.0,0.0,0.0,0.0,0.0,0.0,0.0,0.0,0.0,0.0,0.0,0.0,0.0,0.0,0.0,0.0,0.0,0.0,0.0,0.0,0.0,0.0,0.0,0.0,0.0,0.0,0.0,0.0,0.0,0.0,0.0,0.0,0.0,0.0,0.0,0.0,0.0,0.0,0.0,0.0,0.0,0.0,0.0,0.0,0.0,0.0,0.0,0.0,0.0,0.0,0.0,0.0,0.0,0.0,0.0,0.0,0.0,0.0,0.0,0.0,0.0,0.0,0.0,0.0,0.0,0.0,0.0,0.0,0.0,0.0,0.0,0.0,Feeder 2,19698,17138,22259,946,1:06:06,66.1,17:45:00,19:00:00,0.0,0.0,0.0
24751,0.0,0.0,0.0,0.0,0.0,0.0,0.0,0.0,0.0,0.0,0.0,0.0,0.0,0.0,0.0,0.0,0.0,0.0,0.0,0.0,0.0,0.0,0.0,0.0,0.0,0.0,0.0,0.0,0.0,0.0,0.0,0.0,0.0,0.0,0.0,0.0,0.0,0.0,0.0,0.0,0.0,0.0,0.0,0.0,0.0,0.0,0.0,0.0,0.0,0.0,0.0,0.0,0.0,0.0,0.0,0.0,0.0,0.0,0.0,0.0,0.0,0.0,0.0,0.0,0.0,0.0,0.0,0.0,0.0,0.0,0.0,0.0,0.0,0.0,0.0,0.0,0.0,0.0,0.0,0.0,0.0,0.0,0.0,0.0,0.0,0.0,0.0,0.0,0.0,0.0,0.0,0.0,0.0,0.0,0.0,0.0,0.0,0.0,0.0,0.0,0.0,0.0,0.0,0.0,0.0,0.0,0.0,0.0,0.0,0.0,0.0,Incident Link,24751,17630,17611,946,0:52:36,52.6,16:15:00,17:00:00,0.0,0.0,0.0
25182,-0.0,-0.0,-0.0,-0.0,-0.0,-0.0,0.967744704,0.645163136,0.645163136,1.61290784,1.935489408,3.548397248,7.741957632,11.612936448,17.74198624,26.774270144,38.064625024,79.67764729599999,203.871550976,305.484744896,338.7106464,328.388036224,340.000972672,301.291184512,274.1943328,256.45234656,256.45234656,219.032884672,225.484516032,213.548998016,232.581310528,167.097252224,130.64553504,119.35518016,129.0326272,131.61327974399998,131.61327974399998,130.968116608,134.516513856,134.516513856,143.871379328,130.000371904,127.097137792,139.032655808,134.516513856,143.22621619199998,137.0971664,136.774584832,121.613251136,143.22621619199998,165.806925952,163.871436544,182.25858592,186.774727872,200.00057216,214.51674272,258.0652544,296.452460992,335.162249152,362.259100864,368.710732224,389.678534144,395.485002368,399.355981184,405.807612544,380.323668672,397.420491776,360.323611456,329.03319936,268.710446144,277.097566912,262.258814784,219.35546624,200.968316864,206.774785088,184.839238464,192.258614528,174.516628288,154.193989504,147.74235814399998,110.968059392,104.193846464,102.580938624,98.064796672,70.96794496,50.00014304,29.354922688,29.354922688,22.903291328,13.225844288,7.741957632,8.709702336,6.774212928,5.161305088,3.22581568,2.580652544,1.61290784,0.645163136,1.61290784,-0.0,-0.0,0.967744704,1.290326272,0.322581568,-0.0,-0.0,-0.0,0.322581568,-0.0,0.322581568,4.1681122825244445,Incident Link,25182,17260,18236,946,0:36:50,36.83,08:30:00,09:00:00,0.18655967349333336,0.08270632979555555,0.06899661315555555
25185,0.0,0.0,0.0,0.0,0.0,0.0,0.0,0.0,0.0,0.0,0.0,0.0,0.0,0.0,0.0,0.0,0.0,0.0,0.0,0.0,0.0,0.0,0.0,0.0,0.0,0.0,0.0,0.0,0.0,0.0,0.0,0.0,0.0,0.0,0.0,0.0,0.0,0.0,0.0,0.0,0.0,0.0,0.0,0.0,0.0,0.0,0.0,0.0,0.0,0.0,0.0,0.0,0.0,0.0,0.0,0.0,0.0,0.0,0.0,0.0,0.0,0.0,0.0,0.0,0.0,0.0,0.0,0.0,0.0,0.0,0.0,0.0,0.0,0.0,0.0,0.0,0.0,0.0,0.0,0.0,0.0,0.0,0.0,0.0,0.0,0.0,0.0,0.0,0.0,0.0,0.0,0.0,0.0,0.0,0.0,0.0,0.0,0.0,0.0,0.0,0.0,0.0,0.0,0.0,0.0,0.0,0.0,0.0,0.0,0.0,0.0,Feeder 2,18234,17269,25185,946,1:07:03,67.05,14:15:00,15:15:00,0.0,0.0,0.0
25231,0.0,0.0,0.0,0.0,0.0,0.0,0.0,0.0,0.0,0.0,0.0,0.0,0.0,0.0,0.0,0.0,0.0,0.0,0.0,0.0,0.0,0.0,0.0,0.0,0.0,0.0,0.0,0.0,0.0,0.0,0.0,0.0,0.0,0.0,0.0,0.0,0.0,0.0,0.0,0.0,0.0,0.0,0.0,0.0,0.0,0.0,0.0,0.0,0.0,0.0,0.0,0.0,0.0,0.0,0.0,0.0,0.0,0.0,0.0,0.0,0.0,0.0,0.0,0.0,0.0,0.0,0.0,0.0,0.0,0.0,0.0,0.0,0.0,0.0,0.0,0.0,0.0,0.0,0.0,0.0,0.0,0.0,0.0,0.0,0.0,0.0,0.0,0.0,0.0,0.0,0.0,0.0,0.0,0.0,0.0,0.0,0.0,0.0,0.0,0.0,0.0,0.0,0.0,0.0,0.0,0.0,0.0,0.0,0.0,0.0,0.0,Feeder 1,18356,25231,17789,946,1:08:56,68.93,16:45:00,18:00:00,0.0,0.0,0.0
