Scenario,Seed,Incidents,Truck,Total Time (seconds),Total Distance (meters),Average_Time_seconds,Average Distance (meters)
Current,141,12,Davis_506,0,0,2747.25,17367.08157
Current,141,12,Davis_512,0,0,2747.25,17367.08157
Current,141,12,Davis_518,0,0,2747.25,17367.08157
Current,141,12,Davis_526,0,0,2747.25,17367.08157
Current,141,12,Davis_529,0,0,2747.25,17367.08157
Current,141,12,SLC_505,691,19196.22361,2747.25,17367.08157
Current,141,12,SLC_510,274,6168.809434,2747.25,17367.08157
Current,141,12,SLC_514,688,17157.39905,2747.25,17367.08157
Current,141,12,SLC_517,660,17789.5478,2747.25,17367.08157
Current,141,12,SLC_519,634,15472.0982,2747.25,17367.08157
Current,141,12,SLC_520,2791,21149.67269,2747.25,17367.08157
Current,141,12,SLC_523,1075,28741.50883,2747.25,17367.08157
Current,141,12,SLC_525,0,0,2747.25,17367.08157
Current,141,12,SLC_527,7880,46144.6541,2747.25,17367.08157
Current,141,12,SLC_528,7976,40976.38744,2747.25,17367.08157
Current,141,12,Utah_County_502,0,0,2747.25,17367.08157
Current,141,12,Utah_County_513,27678,70630.66564,2747.25,17367.08157
Current,141,12,Utah_County_516,3606,33452.43326,2747.25,17367.08157
Current,141,12,Utah_County_521,0,0,2747.25,17367.08157
Current,141,12,Utah_County_524,992,30462.23126,2747.25,17367.08157
Increased,141,12,Davis_506,0,0,1507.533333,8687.469986
Increased,141,12,Davis_512,0,0,1507.533333,8687.469986
Increased,141,12,Davis_518,0,0,1507.533333,8687.469986
Increased,141,12,Davis_526,0,0,1507.533333,8687.469986
Increased,141,12,Davis_529,0,0,1507.533333,8687.469986
Increased,141,12,NEW_Davis_530,0,0,1507.533333,8687.469986
Increased,141,12,NEW_Davis_531,0,0,1507.533333,8687.469986
Increased,141,12,NEW_SLC_503,0,0,1507.533333,8687.469986
Increased,141,12,NEW_SLC_504,0,0,1507.533333,8687.469986
Increased,141,12,NEW_SLC_507,0,0,1507.533333,8687.469986
Increased,141,12,NEW_SLC_508,4699,26824.73661,1507.533333,8687.469986
Increased,141,12,NEW_SLC_509,527,11004.63473,1507.533333,8687.469986
Increased,141,12,NEW_SLC_511,4683,18409.99665,1507.533333,8687.469986
Increased,141,12,NEW_Utah_County_532,275,7848.638526,1507.533333,8687.469986
Increased,141,12,NEW_Utah_County_533,0,0,1507.533333,8687.469986
Increased,141,12,SLC_505,571,14248.0181,1507.533333,8687.469986
Increased,141,12,SLC_510,262,6168.809434,1507.533333,8687.469986
Increased,141,12,SLC_514,0,0,1507.533333,8687.469986
Increased,141,12,SLC_517,600,17789.5478,1507.533333,8687.469986
Increased,141,12,SLC_519,565,15472.0982,1507.533333,8687.469986
Increased,141,12,SLC_520,4741,21149.67269,1507.533333,8687.469986
Increased,141,12,SLC_523,0,0,1507.533333,8687.469986
Increased,141,12,SLC_525,0,0,1507.533333,8687.469986
Increased,141,12,SLC_527,12106,38373.79498,1507.533333,8687.469986
Increased,141,12,SLC_528,11585,19419.48735,1507.533333,8687.469986
Increased,141,12,Utah_County_502,0,0,1507.533333,8687.469986
Increased,141,12,Utah_County_513,0,0,1507.533333,8687.469986
Increased,141,12,Utah_County_516,3611,33452.43326,1507.533333,8687.469986
Increased,141,12,Utah_County_521,0,0,1507.533333,8687.469986
Increased,141,12,Utah_County_524,1001,30462.23126,1507.533333,8687.469986
Current,167,18,Davis_506,0,0,5257.1,23033.73105
Current,167,18,Davis_512,0,0,5257.1,23033.73105
Current,167,18,Davis_518,8990,38352.56778,5257.1,23033.73105
Current,167,18,Davis_526,0,0,5257.1,23033.73105
Current,167,18,Davis_529,422,13764.15394,5257.1,23033.73105
Current,167,18,SLC_505,27145,98963.17681,5257.1,23033.73105
Current,167,18,SLC_510,9505,71814.51224,5257.1,23033.73105
Current,167,18,SLC_514,16046,45122.2243,5257.1,23033.73105
Current,167,18,SLC_517,163,5619.895747,5257.1,23033.73105
Current,167,18,SLC_519,7909,13578.22689,5257.1,23033.73105
Current,167,18,SLC_520,445,11803.7847,5257.1,23033.73105
Current,167,18,SLC_523,0,0,5257.1,23033.73105
Current,167,18,SLC_525,14265,22657.86567,5257.1,23033.73105
Current,167,18,SLC_527,7628,28518.50259,5257.1,23033.73105
Current,167,18,SLC_528,10422,44422.1614,5257.1,23033.73105
Current,167,18,Utah_County_502,395,12450.78766,5257.1,23033.73105
Current,167,18,Utah_County_513,133,4676.74204,5257.1,23033.73105
Current,167,18,Utah_County_516,208,5298.880697,5257.1,23033.73105
Current,167,18,Utah_County_521,851,27351.65062,5257.1,23033.73105
Current,167,18,Utah_County_524,615,16279.48798,5257.1,23033.73105
Increased,167,18,Davis_506,0,0,3337.433333,13131.18657
Increased,167,18,Davis_512,0,0,3337.433333,13131.18657
Increased,167,18,Davis_518,0,0,3337.433333,13131.18657
Increased,167,18,Davis_526,0,0,3337.433333,13131.18657
Increased,167,18,Davis_529,0,0,3337.433333,13131.18657
Increased,167,18,NEW_Davis_530,486,10477.49542,3337.433333,13131.18657
Increased,167,18,NEW_Davis_531,0,0,3337.433333,13131.18657
Increased,167,18,NEW_SLC_503,19740,74933.84768,3337.433333,13131.18657
Increased,167,18,NEW_SLC_504,0,0,3337.433333,13131.18657
Increased,167,18,NEW_SLC_507,1496,44137.42088,3337.433333,13131.18657
Increased,167,18,NEW_SLC_508,0,0,3337.433333,13131.18657
Increased,167,18,NEW_SLC_509,16045,34306.9767,3337.433333,13131.18657
Increased,167,18,NEW_SLC_511,777,19800.11236,3337.433333,13131.18657
Increased,167,18,NEW_Utah_County_532,486,14778.27954,3337.433333,13131.18657
Increased,167,18,NEW_Utah_County_533,614,18104.30252,3337.433333,13131.18657
Increased,167,18,SLC_505,25611,26705.48452,3337.433333,13131.18657
Increased,167,18,SLC_510,331,9982.204938,3337.433333,13131.18657
Increased,167,18,SLC_514,14291,21114.73392,3337.433333,13131.18657
Increased,167,18,SLC_517,163,5619.895747,3337.433333,13131.18657
Increased,167,18,SLC_519,7913,13578.22689,3337.433333,13131.18657
Increased,167,18,SLC_520,453,11803.7847,3337.433333,13131.18657
Increased,167,18,SLC_523,0,0,3337.433333,13131.18657
Increased,167,18,SLC_525,0,0,3337.433333,13131.18657
Increased,167,18,SLC_527,10023,39922.97785,3337.433333,13131.18657
Increased,167,18,SLC_528,350,9963.955022,3337.433333,13131.18657
Increased,167,18,Utah_County_502,393,12450.78766,3337.433333,13131.18657
Increased,167,18,Utah_County_513,133,4676.74204,3337.433333,13131.18657
Increased,167,18,Utah_County_516,205,5298.880697,3337.433333,13131.18657
Increased,167,18,Utah_County_521,0,0,3337.433333,13131.18657
Increased,167,18,Utah_County_524,613,16279.48798,3337.433333,13131.18657
Current,227,18,Davis_506,0,0,5772.5,28001.72179
Current,227,18,Davis_512,0,0,5772.5,28001.72179
Current,227,18,Davis_518,0,0,5772.5,28001.72179
Current,227,18,Davis_526,0,0,5772.5,28001.72179
Current,227,18,Davis_529,1289,39022.85789,5772.5,28001.72179
Current,227,18,SLC_505,13854,49623.14595,5772.5,28001.72179
Current,227,18,SLC_510,8975,68715.85681,5772.5,28001.72179
Current,227,18,SLC_514,1002,30530.69258,5772.5,28001.72179
Current,227,18,SLC_517,13967,60350.65234,5772.5,28001.72179
Current,227,18,SLC_519,7576,21539.5514,5772.5,28001.72179
Current,227,18,SLC_520,435,11364.30613,5772.5,28001.72179
Current,227,18,SLC_523,5990,16348.01368,5772.5,28001.72179
Current,227,18,SLC_525,12590,36028.35895,5772.5,28001.72179
Current,227,18,SLC_527,14909,37937.19713,5772.5,28001.72179
Current,227,18,SLC_528,1470,29161.93282,5772.5,28001.72179
Current,227,18,Utah_County_502,320,10494.45786,5772.5,28001.72179
Current,227,18,Utah_County_513,6606,31480.01006,5772.5,28001.72179
Current,227,18,Utah_County_516,6019,41694.28182,5772.5,28001.72179
Current,227,18,Utah_County_521,441,13407.66903,5772.5,28001.72179
Current,227,18,Utah_County_524,20007,62335.45136,5772.5,28001.72179
Increased,227,18,Davis_506,0,0,2719.033333,12683.65057
Increased,227,18,Davis_512,0,0,2719.033333,12683.65057
Increased,227,18,Davis_518,0,0,2719.033333,12683.65057
Increased,227,18,Davis_526,0,0,2719.033333,12683.65057
Increased,227,18,Davis_529,0,0,2719.033333,12683.65057
Increased,227,18,NEW_Davis_530,0,0,2719.033333,12683.65057
Increased,227,18,NEW_Davis_531,0,0,2719.033333,12683.65057
Increased,227,18,NEW_SLC_503,13860,34124.84769,2719.033333,12683.65057
Increased,227,18,NEW_SLC_504,0,0,2719.033333,12683.65057
Increased,227,18,NEW_SLC_507,6660,24068.61312,2719.033333,12683.65057
Increased,227,18,NEW_SLC_508,5989,13895.70139,2719.033333,12683.65057
Increased,227,18,NEW_SLC_509,722,19695.36041,2719.033333,12683.65057
Increased,227,18,NEW_SLC_511,273,8624.630087,2719.033333,12683.65057
Increased,227,18,NEW_Utah_County_532,13738,29343.48246,2719.033333,12683.65057
Increased,227,18,NEW_Utah_County_533,983,30912.37975,2719.033333,12683.65057
Increased,227,18,SLC_505,12613,31591.97184,2719.033333,12683.65057
Increased,227,18,SLC_510,258,8709.731987,2719.033333,12683.65057
Increased,227,18,SLC_514,0,0,2719.033333,12683.65057
Increased,227,18,SLC_517,548,16151.73858,2719.033333,12683.65057
Increased,227,18,SLC_519,7576,21539.5514,2719.033333,12683.65057
Increased,227,18,SLC_520,555,11364.30613,2719.033333,12683.65057
Increased,227,18,SLC_523,0,0,2719.033333,12683.65057
Increased,227,18,SLC_525,0,0,2719.033333,12683.65057
Increased,227,18,SLC_527,14303,34353.67975,2719.033333,12683.65057
Increased,227,18,SLC_528,1043,18632.71321,2719.033333,12683.65057
Increased,227,18,Utah_County_502,320,10494.45786,2719.033333,12683.65057
Increased,227,18,Utah_County_513,760,24397.04722,2719.033333,12683.65057
Increased,227,18,Utah_County_516,180,6545.539835,2719.033333,12683.65057
Increased,227,18,Utah_County_521,438,13407.66903,2719.033333,12683.65057
Increased,227,18,Utah_County_524,752,22656.0954,2719.033333,12683.65057
Current,340,12,Davis_506,0,0,3524.05,19529.57023
Current,340,12,Davis_512,0,0,3524.05,19529.57023
Current,340,12,Davis_518,4099,42865.07667,3524.05,19529.57023
Current,340,12,Davis_526,0,0,3524.05,19529.57023
Current,340,12,Davis_529,0,0,3524.05,19529.57023
Current,340,12,SLC_505,1243,39299.27813,3524.05,19529.57023
Current,340,12,SLC_510,1128,32564.78569,3524.05,19529.57023
Current,340,12,SLC_514,9365,39437.21466,3524.05,19529.57023
Current,340,12,SLC_517,8822,32037.21185,3524.05,19529.57023
Current,340,12,SLC_519,12053,27802.55551,3524.05,19529.57023
Current,340,12,SLC_520,4098,30467.52598,3524.05,19529.57023
Current,340,12,SLC_523,10893,16624.36955,3524.05,19529.57023
Current,340,12,SLC_525,1249,28282.86303,3524.05,19529.57023
Current,340,12,SLC_527,15769,50931.97389,3524.05,19529.57023
Current,340,12,SLC_528,475,13689.02995,3524.05,19529.57023
Current,340,12,Utah_County_502,0,0,3524.05,19529.57023
Current,340,12,Utah_County_513,0,0,3524.05,19529.57023
Current,340,12,Utah_County_516,1287,36589.51972,3524.05,19529.57023
Current,340,12,Utah_County_521,0,0,3524.05,19529.57023
Current,340,12,Utah_County_524,0,0,3524.05,19529.57023
Increased,340,12,Davis_506,0,0,1727.266667,9777.227594
Increased,340,12,Davis_512,0,0,1727.266667,9777.227594
Increased,340,12,Davis_518,0,0,1727.266667,9777.227594
Increased,340,12,Davis_526,0,0,1727.266667,9777.227594
Increased,340,12,Davis_529,0,0,1727.266667,9777.227594
Increased,340,12,NEW_Davis_530,0,0,1727.266667,9777.227594
Increased,340,12,NEW_Davis_531,0,0,1727.266667,9777.227594
Increased,340,12,NEW_SLC_503,748,23800.97988,1727.266667,9777.227594
Increased,340,12,NEW_SLC_504,571,14684.95391,1727.266667,9777.227594
Increased,340,12,NEW_SLC_507,641,18632.71321,1727.266667,9777.227594
Increased,340,12,NEW_SLC_508,480,10925.13334,1727.266667,9777.227594
Increased,340,12,NEW_SLC_509,1060,31393.41147,1727.266667,9777.227594
Increased,340,12,NEW_SLC_511,7459,18967.26281,1727.266667,9777.227594
Increased,340,12,NEW_Utah_County_532,0,0,1727.266667,9777.227594
Increased,340,12,NEW_Utah_County_533,0,0,1727.266667,9777.227594
Increased,340,12,SLC_505,1037,23846.47592,1727.266667,9777.227594
Increased,340,12,SLC_510,9361,29704.07118,1727.266667,9777.227594
Increased,340,12,SLC_514,0,0,1727.266667,9777.227594
Increased,340,12,SLC_517,548,16151.73858,1727.266667,9777.227594
Increased,340,12,SLC_519,12061,27802.55551,1727.266667,9777.227594
Increased,340,12,SLC_520,5931,28236.8359,1727.266667,9777.227594
Increased,340,12,SLC_523,10903,16624.36955,1727.266667,9777.227594
Increased,340,12,SLC_525,0,0,1727.266667,9777.227594
Increased,340,12,SLC_527,555,18857.29661,1727.266667,9777.227594
Increased,340,12,SLC_528,463,13689.02995,1727.266667,9777.227594
Increased,340,12,Utah_County_502,0,0,1727.266667,9777.227594
Increased,340,12,Utah_County_513,0,0,1727.266667,9777.227594
Increased,340,12,Utah_County_516,0,0,1727.266667,9777.227594
Increased,340,12,Utah_County_521,0,0,1727.266667,9777.227594
Increased,340,12,Utah_County_524,0,0,1727.266667,9777.227594
Current,398,7,Davis_506,0,0,3189.25,13867.43736
Current,398,7,Davis_512,0,0,3189.25,13867.43736
Current,398,7,Davis_518,0,0,3189.25,13867.43736
Current,398,7,Davis_526,0,0,3189.25,13867.43736
Current,398,7,Davis_529,0,0,3189.25,13867.43736
Current,398,7,SLC_505,13742,24190.39188,3189.25,13867.43736
Current,398,7,SLC_510,16428,48284.07851,3189.25,13867.43736
Current,398,7,SLC_514,0,0,3189.25,13867.43736
Current,398,7,SLC_517,0,0,3189.25,13867.43736
Current,398,7,SLC_519,0,0,3189.25,13867.43736
Current,398,7,SLC_520,641,11945.56755,3189.25,13867.43736
Current,398,7,SLC_523,0,0,3189.25,13867.43736
Current,398,7,SLC_525,0,0,3189.25,13867.43736
Current,398,7,SLC_527,579,13487.21871,3189.25,13867.43736
Current,398,7,SLC_528,934,25219.69355,3189.25,13867.43736
Current,398,7,Utah_County_502,14985,66524.65994,3189.25,13867.43736
Current,398,7,Utah_County_513,14974,43588.08876,3189.25,13867.43736
Current,398,7,Utah_County_516,467,13999.24633,3189.25,13867.43736
Current,398,7,Utah_County_521,0,0,3189.25,13867.43736
Current,398,7,Utah_County_524,1035,30109.80189,3189.25,13867.43736
Increased,398,7,Davis_506,0,0,1907.733333,6557.574479
Increased,398,7,Davis_512,0,0,1907.733333,6557.574479
Increased,398,7,Davis_518,0,0,1907.733333,6557.574479
Increased,398,7,Davis_526,0,0,1907.733333,6557.574479
Increased,398,7,Davis_529,0,0,1907.733333,6557.574479
Increased,398,7,NEW_Davis_530,0,0,1907.733333,6557.574479
Increased,398,7,NEW_Davis_531,0,0,1907.733333,6557.574479
Increased,398,7,NEW_SLC_503,13717,8692.09362,1907.733333,6557.574479
Increased,398,7,NEW_SLC_504,0,0,1907.733333,6557.574479
Increased,398,7,NEW_SLC_507,250,6754.641381,1907.733333,6557.574479
Increased,398,7,NEW_SLC_508,0,0,1907.733333,6557.574479
Increased,398,7,NEW_SLC_509,0,0,1907.733333,6557.574479
Increased,398,7,NEW_SLC_511,180,5911.781743,1907.733333,6557.574479
Increased,398,7,NEW_Utah_County_532,243,6724.900778,1907.733333,6557.574479
Increased,398,7,NEW_Utah_County_533,636,18876.60869,1907.733333,6557.574479
Increased,398,7,SLC_505,0,0,1907.733333,6557.574479
Increased,398,7,SLC_510,10665,24756.94393,1907.733333,6557.574479
Increased,398,7,SLC_514,0,0,1907.733333,6557.574479
Increased,398,7,SLC_517,0,0,1907.733333,6557.574479
Increased,398,7,SLC_519,0,0,1907.733333,6557.574479
Increased,398,7,SLC_520,634,11945.56755,1907.733333,6557.574479
Increased,398,7,SLC_523,0,0,1907.733333,6557.574479
Increased,398,7,SLC_525,0,0,1907.733333,6557.574479
Increased,398,7,SLC_527,0,0,1907.733333,6557.574479
Increased,398,7,SLC_528,952,25219.69355,1907.733333,6557.574479
Increased,398,7,Utah_County_502,0,0,1907.733333,6557.574479
Increased,398,7,Utah_County_513,14974,43588.08876,1907.733333,6557.574479
Increased,398,7,Utah_County_516,14981,44256.91437,1907.733333,6557.574479
Increased,398,7,Utah_County_521,0,0,1907.733333,6557.574479
Increased,398,7,Utah_County_524,0,0,1907.733333,6557.574479
Current,418,11,Davis_506,0,0,1361.7,7738.654621
Current,418,11,Davis_512,0,0,1361.7,7738.654621
Current,418,11,Davis_518,0,0,1361.7,7738.654621
Current,418,11,Davis_526,0,0,1361.7,7738.654621
Current,418,11,Davis_529,0,0,1361.7,7738.654621
Current,418,11,SLC_505,3313,27621.31163,1361.7,7738.654621
Current,418,11,SLC_510,14562,33952.11723,1361.7,7738.654621
Current,418,11,SLC_514,239,6271.163458,1361.7,7738.654621
Current,418,11,SLC_517,255,8150.985232,1361.7,7738.654621
Current,418,11,SLC_519,381,8671.83203,1361.7,7738.654621
Current,418,11,SLC_520,0,0,1361.7,7738.654621
Current,418,11,SLC_523,6532,11542.54053,1361.7,7738.654621
Current,418,11,SLC_525,182,6049.718274,1361.7,7738.654621
Current,418,11,SLC_527,151,5464.771464,1361.7,7738.654621
Current,418,11,SLC_528,350,9963.955022,1361.7,7738.654621
Current,418,11,Utah_County_502,0,0,1361.7,7738.654621
Current,418,11,Utah_County_513,713,20121.17568,1361.7,7738.654621
Current,418,11,Utah_County_516,556,16963.52186,1361.7,7738.654621
Current,418,11,Utah_County_521,0,0,1361.7,7738.654621
Current,418,11,Utah_County_524,0,0,1361.7,7738.654621
Increased,418,11,Davis_506,0,0,690.9666667,4563.087767
Increased,418,11,Davis_512,0,0,690.9666667,4563.087767
Increased,418,11,Davis_518,0,0,690.9666667,4563.087767
Increased,418,11,Davis_526,0,0,690.9666667,4563.087767
Increased,418,11,Davis_529,0,0,690.9666667,4563.087767
Increased,418,11,NEW_Davis_530,0,0,690.9666667,4563.087767
Increased,418,11,NEW_Davis_531,0,0,690.9666667,4563.087767
Increased,418,11,NEW_SLC_503,14515,23326.49816,690.9666667,4563.087767
Increased,418,11,NEW_SLC_504,81,2553.748992,690.9666667,4563.087767
Increased,418,11,NEW_SLC_507,558,16753.08456,690.9666667,4563.087767
Increased,418,11,NEW_SLC_508,0,0,690.9666667,4563.087767
Increased,418,11,NEW_SLC_509,0,0,690.9666667,4563.087767
Increased,418,11,NEW_SLC_511,0,0,690.9666667,4563.087767
Increased,418,11,NEW_Utah_County_532,0,0,690.9666667,4563.087767
Increased,418,11,NEW_Utah_County_533,0,0,690.9666667,4563.087767
Increased,418,11,SLC_505,3317,27621.31163,690.9666667,4563.087767
Increased,418,11,SLC_510,0,0,690.9666667,4563.087767
Increased,418,11,SLC_514,240,6271.163458,690.9666667,4563.087767
Increased,418,11,SLC_517,242,8150.985232,690.9666667,4563.087767
Increased,418,11,SLC_519,376,8671.83203,690.9666667,4563.087767
Increased,418,11,SLC_520,0,0,690.9666667,4563.087767
Increased,418,11,SLC_523,154,5102.042322,690.9666667,4563.087767
Increased,418,11,SLC_525,182,6049.718274,690.9666667,4563.087767
Increased,418,11,SLC_527,148,5464.771464,690.9666667,4563.087767
Increased,418,11,SLC_528,366,9963.955022,690.9666667,4563.087767
Increased,418,11,Utah_County_502,0,0,690.9666667,4563.087767
Increased,418,11,Utah_County_513,0,0,690.9666667,4563.087767
Increased,418,11,Utah_County_516,550,16963.52186,690.9666667,4563.087767
Increased,418,11,Utah_County_521,0,0,690.9666667,4563.087767
Increased,418,11,Utah_County_524,0,0,690.9666667,4563.087767
Current,472,21,Davis_506,7428,105126.08,6025.55,35008.6763
Current,472,21,Davis_512,6374,48325.08449,6025.55,35008.6763
Current,472,21,Davis_518,374,13801.47453,6025.55,35008.6763
Current,472,21,Davis_526,0,0,6025.55,35008.6763
Current,472,21,Davis_529,648,20902.05964,6025.55,35008.6763
Current,472,21,SLC_505,10121,108544.5434,6025.55,35008.6763
Current,472,21,SLC_510,9722,86136.91403,6025.55,35008.6763
Current,472,21,SLC_514,15072,57898.05036,6025.55,35008.6763
Current,472,21,SLC_517,503,14750.19656,6025.55,35008.6763
Current,472,21,SLC_519,0,0,6025.55,35008.6763
Current,472,21,SLC_520,594,17620.74413,6025.55,35008.6763
Current,472,21,SLC_523,205,6172.607477,6025.55,35008.6763
Current,472,21,SLC_525,7186,71540.0393,6025.55,35008.6763
Current,472,21,SLC_527,3295,36385.97039,6025.55,35008.6763
Current,472,21,SLC_528,769,9784.545799,6025.55,35008.6763
Current,472,21,Utah_County_502,0,0,6025.55,35008.6763
Current,472,21,Utah_County_513,7307,23795.34719,6025.55,35008.6763
Current,472,21,Utah_County_516,25456,31639.65659,6025.55,35008.6763
Current,472,21,Utah_County_521,0,0,6025.55,35008.6763
Current,472,21,Utah_County_524,25457,47750.21215,6025.55,35008.6763
Increased,472,21,Davis_506,6553,139971.6223,3751.8,21859.12019
Increased,472,21,Davis_512,6539,116832.2421,3751.8,21859.12019
Increased,472,21,Davis_518,377,13801.47453,3751.8,21859.12019
Increased,472,21,Davis_526,0,0,3751.8,21859.12019
Increased,472,21,Davis_529,0,0,3751.8,21859.12019
Increased,472,21,NEW_Davis_530,0,0,3751.8,21859.12019
Increased,472,21,NEW_Davis_531,0,0,3751.8,21859.12019
Increased,472,21,NEW_SLC_503,6258,17921.65852,3751.8,21859.12019
Increased,472,21,NEW_SLC_504,83,2553.748992,3751.8,21859.12019
Increased,472,21,NEW_SLC_507,4774,39915.5266,3751.8,21859.12019
Increased,472,21,NEW_SLC_508,392,10480.90722,3751.8,21859.12019
Increased,472,21,NEW_SLC_509,1003,21249.77364,3751.8,21859.12019
Increased,472,21,NEW_SLC_511,0,0,3751.8,21859.12019
Increased,472,21,NEW_Utah_County_532,145,3773.113723,3751.8,21859.12019
Increased,472,21,NEW_Utah_County_533,0,0,3751.8,21859.12019
Increased,472,21,SLC_505,4465,34985.61929,3751.8,21859.12019
Increased,472,21,SLC_510,3267,30165.09881,3751.8,21859.12019
Increased,472,21,SLC_514,14592,33348.63083,3751.8,21859.12019
Increased,472,21,SLC_517,514,13328.40904,3751.8,21859.12019
Increased,472,21,SLC_519,0,0,3751.8,21859.12019
Increased,472,21,SLC_520,0,0,3751.8,21859.12019
Increased,472,21,SLC_523,558,11897.85062,3751.8,21859.12019
Increased,472,21,SLC_525,757,23751.78235,3751.8,21859.12019
Increased,472,21,SLC_527,6146,14992.28957,3751.8,21859.12019
Increased,472,21,SLC_528,0,0,3751.8,21859.12019
Increased,472,21,Utah_County_502,0,0,3751.8,21859.12019
Increased,472,21,Utah_County_513,7295,23795.34719,3751.8,21859.12019
Increased,472,21,Utah_County_516,25456,31639.65659,3751.8,21859.12019
Increased,472,21,Utah_County_521,0,0,3751.8,21859.12019
Increased,472,21,Utah_County_524,23380,71368.8538,3751.8,21859.12019
Current,499,18,Davis_506,15033,71058.12244,4864.2,28178.96484
Current,499,18,Davis_512,2533,77735.98221,4864.2,28178.96484
Current,499,18,Davis_518,0,0,4864.2,28178.96484
Current,499,18,Davis_526,0,0,4864.2,28178.96484
Current,499,18,Davis_529,0,0,4864.2,28178.96484
Current,499,18,SLC_505,20581,33545.25999,4864.2,28178.96484
Current,499,18,SLC_510,6965,67856.66238,4864.2,28178.96484
Current,499,18,SLC_514,2227,72458.18386,4864.2,28178.96484
Current,499,18,SLC_517,427,13739.90118,4864.2,28178.96484
Current,499,18,SLC_519,27,1585.95629,4864.2,28178.96484
Current,499,18,SLC_520,620,17221.77265,4864.2,28178.96484
Current,499,18,SLC_523,6004,11404.50744,4864.2,28178.96484
Current,499,18,SLC_525,2432,73985.19003,4864.2,28178.96484
Current,499,18,SLC_527,0,0,4864.2,28178.96484
Current,499,18,SLC_528,1314,12066.81523,4864.2,28178.96484
Current,499,18,Utah_County_502,0,0,4864.2,28178.96484
Current,499,18,Utah_County_513,715,20121.17568,4864.2,28178.96484
Current,499,18,Utah_County_516,31689,48452.65687,4864.2,28178.96484
Current,499,18,Utah_County_521,0,0,4864.2,28178.96484
Current,499,18,Utah_County_524,6717,42347.1106,4864.2,28178.96484
Increased,499,18,Davis_506,0,0,2500.166667,14867.54426
Increased,499,18,Davis_512,0,0,2500.166667,14867.54426
Increased,499,18,Davis_518,0,0,2500.166667,14867.54426
Increased,499,18,Davis_526,0,0,2500.166667,14867.54426
Increased,499,18,Davis_529,0,0,2500.166667,14867.54426
Increased,499,18,NEW_Davis_530,0,0,2500.166667,14867.54426
Increased,499,18,NEW_Davis_531,0,0,2500.166667,14867.54426
Increased,499,18,NEW_SLC_503,1703,54050.50466,2500.166667,14867.54426
Increased,499,18,NEW_SLC_504,0,0,2500.166667,14867.54426
Increased,499,18,NEW_SLC_507,6856,53924.5899,2500.166667,14867.54426
Increased,499,18,NEW_SLC_508,316,9470.611845,2500.166667,14867.54426
Increased,499,18,NEW_SLC_509,2084,61642.93626,2500.166667,14867.54426
Increased,499,18,NEW_SLC_511,564,16302.45327,2500.166667,14867.54426
Increased,499,18,NEW_Utah_County_532,0,0,2500.166667,14867.54426
Increased,499,18,NEW_Utah_County_533,0,0,2500.166667,14867.54426
Increased,499,18,SLC_505,1964,59493.74316,2500.166667,14867.54426
Increased,499,18,SLC_510,312,8456.470151,2500.166667,14867.54426
Increased,499,18,SLC_514,15055,32585.88413,2500.166667,14867.54426
Increased,499,18,SLC_517,0,0,2500.166667,14867.54426
Increased,499,18,SLC_519,27,1585.95629,2500.166667,14867.54426
Increased,499,18,SLC_520,0,0,2500.166667,14867.54426
Increased,499,18,SLC_523,6003,11404.50744,2500.166667,14867.54426
Increased,499,18,SLC_525,483,14120.91243,2500.166667,14867.54426
Increased,499,18,SLC_527,0,0,2500.166667,14867.54426
Increased,499,18,SLC_528,595,12066.81523,2500.166667,14867.54426
Increased,499,18,Utah_County_502,0,0,2500.166667,14867.54426
Increased,499,18,Utah_County_513,718,20121.17568,2500.166667,14867.54426
Increased,499,18,Utah_County_516,31608,48452.65687,2500.166667,14867.54426
Increased,499,18,Utah_County_521,0,0,2500.166667,14867.54426
Increased,499,18,Utah_County_524,6717,42347.1106,2500.166667,14867.54426
Current,518,10,Davis_506,12853,65548.28945,5017.25,21582.54814
Current,518,10,Davis_512,849,27926.76437,5017.25,21582.54814
Current,518,10,Davis_518,0,0,5017.25,21582.54814
Current,518,10,Davis_526,0,0,5017.25,21582.54814
Current,518,10,Davis_529,0,0,5017.25,21582.54814
Current,518,10,SLC_505,13780,48104.49226,5017.25,21582.54814
Current,518,10,SLC_510,309,10363.73117,5017.25,21582.54814
Current,518,10,SLC_514,23538,58016.86793,5017.25,21582.54814
Current,518,10,SLC_517,0,0,5017.25,21582.54814
Current,518,10,SLC_519,0,0,5017.25,21582.54814
Current,518,10,SLC_520,0,0,5017.25,21582.54814
Current,518,10,SLC_523,0,0,5017.25,21582.54814
Current,518,10,SLC_525,499,14120.91243,5017.25,21582.54814
Current,518,10,SLC_527,3783,36362.49012,5017.25,21582.54814
Current,518,10,SLC_528,2199,31194.22346,5017.25,21582.54814
Current,518,10,Utah_County_502,502,16169.28038,5017.25,21582.54814
Current,518,10,Utah_County_513,12139,6709.43502,5017.25,21582.54814
Current,518,10,Utah_County_516,28007,59177.99065,5017.25,21582.54814
Current,518,10,Utah_County_521,0,0,5017.25,21582.54814
Current,518,10,Utah_County_524,1887,57956.4855,5017.25,21582.54814
Increased,518,10,Davis_506,0,0,2112.666667,8703.207722
Increased,518,10,Davis_512,12854,42408.90925,2112.666667,8703.207722
Increased,518,10,Davis_518,0,0,2112.666667,8703.207722
Increased,518,10,Davis_526,0,0,2112.666667,8703.207722
Increased,518,10,Davis_529,0,0,2112.666667,8703.207722
Increased,518,10,NEW_Davis_530,0,0,2112.666667,8703.207722
Increased,518,10,NEW_Davis_531,0,0,2112.666667,8703.207722
Increased,518,10,NEW_SLC_503,657,19432.57129,2112.666667,8703.207722
Increased,518,10,NEW_SLC_504,0,0,2112.666667,8703.207722
Increased,518,10,NEW_SLC_507,550,14264.30462,2112.666667,8703.207722
Increased,518,10,NEW_SLC_508,0,0,2112.666667,8703.207722
Increased,518,10,NEW_SLC_509,955,25600.15762,2112.666667,8703.207722
Increased,518,10,NEW_SLC_511,0,0,2112.666667,8703.207722
Increased,518,10,NEW_Utah_County_532,12140,10632.87719,2112.666667,8703.207722
Increased,518,10,NEW_Utah_County_533,8448,22787.54629,2112.666667,8703.207722
Increased,518,10,SLC_505,302,9684.525318,2112.666667,8703.207722
Increased,518,10,SLC_510,309,10363.73117,2112.666667,8703.207722
Increased,518,10,SLC_514,390,12593.90626,2112.666667,8703.207722
Increased,518,10,SLC_517,0,0,2112.666667,8703.207722
Increased,518,10,SLC_519,0,0,2112.666667,8703.207722
Increased,518,10,SLC_520,0,0,2112.666667,8703.207722
Increased,518,10,SLC_523,0,0,2112.666667,8703.207722
Increased,518,10,SLC_525,12819,28603.05731,2112.666667,8703.207722
Increased,518,10,SLC_527,0,0,2112.666667,8703.207722
Increased,518,10,SLC_528,0,0,2112.666667,8703.207722
Increased,518,10,Utah_County_502,516,16169.28038,2112.666667,8703.207722
Increased,518,10,Utah_County_513,12139,6709.43502,2112.666667,8703.207722
Increased,518,10,Utah_County_516,1301,41845.92993,2112.666667,8703.207722
Increased,518,10,Utah_County_521,0,0,2112.666667,8703.207722
Increased,518,10,Utah_County_524,0,0,2112.666667,8703.207722
Current,584,20,Davis_506,0,0,5584.15,20973.38398
Current,584,20,Davis_512,414,13779.18517,5584.15,20973.38398
Current,584,20,Davis_518,23633,77826.82945,5584.15,20973.38398
Current,584,20,Davis_526,0,0,5584.15,20973.38398
Current,584,20,Davis_529,550,15611.12908,5584.15,20973.38398
Current,584,20,SLC_505,359,8671.83203,5584.15,20973.38398
Current,584,20,SLC_510,20248,52886.3242,5584.15,20973.38398
Current,584,20,SLC_514,681,19900.16502,5584.15,20973.38398
Current,584,20,SLC_517,507,13481.26415,5584.15,20973.38398
Current,584,20,SLC_519,166,4368.633897,5584.15,20973.38398
Current,584,20,SLC_520,7535,16182.28385,5584.15,20973.38398
Current,584,20,SLC_523,667,17468.82243,5584.15,20973.38398
Current,584,20,SLC_525,0,0,5584.15,20973.38398
Current,584,20,SLC_527,692,21921.35122,5584.15,20973.38398
Current,584,20,SLC_528,571,16753.08456,5584.15,20973.38398
Current,584,20,Utah_County_502,342,12537.61155,5584.15,20973.38398
Current,584,20,Utah_County_513,24026,51208.53897,5584.15,20973.38398
Current,584,20,Utah_County_516,30239,43051.72793,5584.15,20973.38398
Current,584,20,Utah_County_521,801,27438.47452,5584.15,20973.38398
Current,584,20,Utah_County_524,252,6380.421551,5584.15,20973.38398
Increased,584,20,Davis_506,0,0,3643.466667,10466.33786
Increased,584,20,Davis_512,407,13779.18517,3643.466667,10466.33786
Increased,584,20,Davis_518,28882,27008.70027,3643.466667,10466.33786
Increased,584,20,Davis_526,0,0,3643.466667,10466.33786
Increased,584,20,Davis_529,0,0,3643.466667,10466.33786
Increased,584,20,NEW_Davis_530,0,0,3643.466667,10466.33786
Increased,584,20,NEW_Davis_531,0,0,3643.466667,10466.33786
Increased,584,20,NEW_SLC_503,7821,16076.341,3643.466667,10466.33786
Increased,584,20,NEW_SLC_504,201,6450.33128,3643.466667,10466.33786
Increased,584,20,NEW_SLC_507,15406,34617.53104,3643.466667,10466.33786
Increased,584,20,NEW_SLC_508,110,3688.349786,3643.466667,10466.33786
Increased,584,20,NEW_SLC_509,394,10981.62117,3643.466667,10466.33786
Increased,584,20,NEW_SLC_511,12204,25621.1917,3643.466667,10466.33786
Increased,584,20,NEW_Utah_County_532,592,18365.93292,3643.466667,10466.33786
Increased,584,20,NEW_Utah_County_533,706,19013.09681,3643.466667,10466.33786
Increased,584,20,SLC_505,360,8671.83203,3643.466667,10466.33786
Increased,584,20,SLC_510,0,0,3643.466667,10466.33786
Increased,584,20,SLC_514,0,0,3643.466667,10466.33786
Increased,584,20,SLC_517,548,16151.73858,3643.466667,10466.33786
Increased,584,20,SLC_519,166,4368.633897,3643.466667,10466.33786
Increased,584,20,SLC_520,0,492.0235182,3643.466667,10466.33786
Increased,584,20,SLC_523,0,0,3643.466667,10466.33786
Increased,584,20,SLC_525,0,0,3643.466667,10466.33786
Increased,584,20,SLC_527,666,21921.35122,3643.466667,10466.33786
Increased,584,20,SLC_528,572,16753.08456,3643.466667,10466.33786
Increased,584,20,Utah_County_502,342,12537.61155,3643.466667,10466.33786
Increased,584,20,Utah_County_513,9655,35988.17373,3643.466667,10466.33786
Increased,584,20,Utah_County_516,30018,15122.98407,3643.466667,10466.33786
Increased,584,20,Utah_County_521,0,0,3643.466667,10466.33786
Increased,584,20,Utah_County_524,254,6380.421551,3643.466667,10466.33786
Current,637,19,Davis_506,0,0,5747.15,22473.44014
Current,637,19,Davis_512,0,0,5747.15,22473.44014
Current,637,19,Davis_518,476,14600.80152,5747.15,22473.44014
Current,637,19,Davis_526,0,0,5747.15,22473.44014
Current,637,19,Davis_529,0,0,5747.15,22473.44014
Current,637,19,SLC_505,18763,33667.61811,5747.15,22473.44014
Current,637,19,SLC_510,9750,26909.64539,5747.15,22473.44014
Current,637,19,SLC_514,881,27144.97918,5747.15,22473.44014
Current,637,19,SLC_517,5576,38932.87969,5747.15,22473.44014
Current,637,19,SLC_519,7948,20785.47905,5747.15,22473.44014
Current,637,19,SLC_520,8858,39836.50801,5747.15,22473.44014
Current,637,19,SLC_523,9068,54796.82,5747.15,22473.44014
Current,637,19,SLC_525,4679,41875.87975,5747.15,22473.44014
Current,637,19,SLC_527,9058,36389.14079,5747.15,22473.44014
Current,637,19,SLC_528,12321,47183.74056,5747.15,22473.44014
Current,637,19,Utah_County_502,0,0,5747.15,22473.44014
Current,637,19,Utah_County_513,7037,35203.41127,5747.15,22473.44014
Current,637,19,Utah_County_516,547,15862.41143,5747.15,22473.44014
Current,637,19,Utah_County_521,0,0,5747.15,22473.44014
Current,637,19,Utah_County_524,19981,16279.48798,5747.15,22473.44014
Increased,637,19,Davis_506,0,0,3113.766667,10027.66772
Increased,637,19,Davis_512,0,0,3113.766667,10027.66772
Increased,637,19,Davis_518,0,0,3113.766667,10027.66772
Increased,637,19,Davis_526,0,0,3113.766667,10027.66772
Increased,637,19,Davis_529,0,0,3113.766667,10027.66772
Increased,637,19,NEW_Davis_530,0,0,3113.766667,10027.66772
Increased,637,19,NEW_Davis_531,0,0,3113.766667,10027.66772
Increased,637,19,NEW_SLC_503,9747,18169.31985,3113.766667,10027.66772
Increased,637,19,NEW_SLC_504,82,2553.748992,3113.766667,10027.66772
Increased,637,19,NEW_SLC_507,9743,22366.06014,3113.766667,10027.66772
Increased,637,19,NEW_SLC_508,66,2293.776209,3113.766667,10027.66772
Increased,637,19,NEW_SLC_509,161,3516.4079,3113.766667,10027.66772
Increased,637,19,NEW_SLC_511,853,24827.51349,3113.766667,10027.66772
Increased,637,19,NEW_Utah_County_532,12704,15944.9062,3113.766667,10027.66772
Increased,637,19,NEW_Utah_County_533,299,8022.527713,3113.766667,10027.66772
Increased,637,19,SLC_505,40,1991.960585,3113.766667,10027.66772
Increased,637,19,SLC_510,4673,30684.91563,3113.766667,10027.66772
Increased,637,19,SLC_514,0,0,3113.766667,10027.66772
Increased,637,19,SLC_517,0,0,3113.766667,10027.66772
Increased,637,19,SLC_519,7949,20785.47905,3113.766667,10027.66772
Increased,637,19,SLC_520,503,9352.920811,3113.766667,10027.66772
Increased,637,19,SLC_523,158,5365.169412,3113.766667,10027.66772
Increased,637,19,SLC_525,0,0,3113.766667,10027.66772
Increased,637,19,SLC_527,9436,36389.14079,3113.766667,10027.66772
Increased,637,19,SLC_528,9429,31220.87413,3113.766667,10027.66772
Increased,637,19,Utah_County_502,0,0,3113.766667,10027.66772
Increased,637,19,Utah_County_513,7038,35203.41127,3113.766667,10027.66772
Increased,637,19,Utah_County_516,550,15862.41143,3113.766667,10027.66772
Increased,637,19,Utah_County_521,0,0,3113.766667,10027.66772
Increased,637,19,Utah_County_524,19982,16279.48798,3113.766667,10027.66772
Current,723,4,Davis_506,0,0,480.15,2842.079956
Current,723,4,Davis_512,0,0,480.15,2842.079956
Current,723,4,Davis_518,0,0,480.15,2842.079956
Current,723,4,Davis_526,0,0,480.15,2842.079956
Current,723,4,Davis_529,0,0,480.15,2842.079956
Current,723,4,SLC_505,0,0,480.15,2842.079956
Current,723,4,SLC_510,0,0,480.15,2842.079956
Current,723,4,SLC_514,0,0,480.15,2842.079956
Current,723,4,SLC_517,0,0,480.15,2842.079956
Current,723,4,SLC_519,175,6060.72616,480.15,2842.079956
Current,723,4,SLC_520,8451,27173.207,480.15,2842.079956
Current,723,4,SLC_523,136,4654.179093,480.15,2842.079956
Current,723,4,SLC_525,0,0,480.15,2842.079956
Current,723,4,SLC_527,841,18953.48686,480.15,2842.079956
Current,723,4,SLC_528,0,0,480.15,2842.079956
Current,723,4,Utah_County_502,0,0,480.15,2842.079956
Current,723,4,Utah_County_513,0,0,480.15,2842.079956
Current,723,4,Utah_County_516,0,0,480.15,2842.079956
Current,723,4,Utah_County_521,0,0,480.15,2842.079956
Current,723,4,Utah_County_524,0,0,480.15,2842.079956
Increased,723,4,Davis_506,0,0,341.6,1631.380448
Increased,723,4,Davis_512,0,0,341.6,1631.380448
Increased,723,4,Davis_518,0,0,341.6,1631.380448
Increased,723,4,Davis_526,0,0,341.6,1631.380448
Increased,723,4,Davis_529,0,0,341.6,1631.380448
Increased,723,4,NEW_Davis_530,0,0,341.6,1631.380448
Increased,723,4,NEW_Davis_531,0,0,341.6,1631.380448
Increased,723,4,NEW_SLC_503,0,0,341.6,1631.380448
Increased,723,4,NEW_SLC_504,32,1035.320609,341.6,1631.380448
Increased,723,4,NEW_SLC_507,0,0,341.6,1631.380448
Increased,723,4,NEW_SLC_508,0,0,341.6,1631.380448
Increased,723,4,NEW_SLC_509,0,0,341.6,1631.380448
Increased,723,4,NEW_SLC_511,9442,24433.53096,341.6,1631.380448
Increased,723,4,NEW_Utah_County_532,0,0,341.6,1631.380448
Increased,723,4,NEW_Utah_County_533,0,0,341.6,1631.380448
Increased,723,4,SLC_505,0,0,341.6,1631.380448
Increased,723,4,SLC_510,0,0,341.6,1631.380448
Increased,723,4,SLC_514,0,0,341.6,1631.380448
Increased,723,4,SLC_517,0,0,341.6,1631.380448
Increased,723,4,SLC_519,175,6060.72616,341.6,1631.380448
Increased,723,4,SLC_520,599,17411.8357,341.6,1631.380448
Increased,723,4,SLC_523,0,0,341.6,1631.380448
Increased,723,4,SLC_525,0,0,341.6,1631.380448
Increased,723,4,SLC_527,0,0,341.6,1631.380448
Increased,723,4,SLC_528,0,0,341.6,1631.380448
Increased,723,4,Utah_County_502,0,0,341.6,1631.380448
Increased,723,4,Utah_County_513,0,0,341.6,1631.380448
Increased,723,4,Utah_County_516,0,0,341.6,1631.380448
Increased,723,4,Utah_County_521,0,0,341.6,1631.380448
Increased,723,4,Utah_County_524,0,0,341.6,1631.380448
Current,790,11,Davis_506,0,0,1369.5,6746.078888
Current,790,11,Davis_512,0,0,1369.5,6746.078888
Current,790,11,Davis_518,0,0,1369.5,6746.078888
Current,790,11,Davis_526,0,0,1369.5,6746.078888
Current,790,11,Davis_529,0,0,1369.5,6746.078888
Current,790,11,SLC_505,8801,25425.27064,1369.5,6746.078888
Current,790,11,SLC_510,0,0,1369.5,6746.078888
Current,790,11,SLC_514,536,14927.88379,1369.5,6746.078888
Current,790,11,SLC_517,361,10915.09106,1369.5,6746.078888
Current,790,11,SLC_519,260,8378.771216,1369.5,6746.078888
Current,790,11,SLC_520,0,0,1369.5,6746.078888
Current,790,11,SLC_523,0,0,1369.5,6746.078888
Current,790,11,SLC_525,279,7614.753144,1369.5,6746.078888
Current,790,11,SLC_527,16349,44117.01445,1369.5,6746.078888
Current,790,11,SLC_528,136,4935.282511,1369.5,6746.078888
Current,790,11,Utah_County_502,0,0,1369.5,6746.078888
Current,790,11,Utah_County_513,463,13308.63025,1369.5,6746.078888
Current,790,11,Utah_County_516,205,5298.880697,1369.5,6746.078888
Current,790,11,Utah_County_521,0,0,1369.5,6746.078888
Current,790,11,Utah_County_524,0,0,1369.5,6746.078888
Increased,790,11,Davis_506,0,0,389.5,3646.866365
Increased,790,11,Davis_512,0,0,389.5,3646.866365
Increased,790,11,Davis_518,0,0,389.5,3646.866365
Increased,790,11,Davis_526,0,0,389.5,3646.866365
Increased,790,11,Davis_529,0,0,389.5,3646.866365
Increased,790,11,NEW_Davis_530,0,0,389.5,3646.866365
Increased,790,11,NEW_Davis_531,0,0,389.5,3646.866365
Increased,790,11,NEW_SLC_503,0,0,389.5,3646.866365
Increased,790,11,NEW_SLC_504,0,0,389.5,3646.866365
Increased,790,11,NEW_SLC_507,0,0,389.5,3646.866365
Increased,790,11,NEW_SLC_508,218,7137.47118,389.5,3646.866365
Increased,790,11,NEW_SLC_509,0,0,389.5,3646.866365
Increased,790,11,NEW_SLC_511,0,0,389.5,3646.866365
Increased,790,11,NEW_Utah_County_532,273,7848.638526,389.5,3646.866365
Increased,790,11,NEW_Utah_County_533,202,5035.109871,389.5,3646.866365
Increased,790,11,SLC_505,8800,25425.27064,389.5,3646.866365
Increased,790,11,SLC_510,0,0,389.5,3646.866365
Increased,790,11,SLC_514,551,14927.88379,389.5,3646.866365
Increased,790,11,SLC_517,0,0,389.5,3646.866365
Increased,790,11,SLC_519,260,8378.771216,389.5,3646.866365
Increased,790,11,SLC_520,0,0,389.5,3646.866365
Increased,790,11,SLC_523,0,0,389.5,3646.866365
Increased,790,11,SLC_525,279,7614.753144,389.5,3646.866365
Increased,790,11,SLC_527,485,14794.17982,389.5,3646.866365
Increased,790,11,SLC_528,142,4935.282511,389.5,3646.866365
Increased,790,11,Utah_County_502,0,0,389.5,3646.866365
Increased,790,11,Utah_County_513,475,13308.63025,389.5,3646.866365
Increased,790,11,Utah_County_516,0,0,389.5,3646.866365
Increased,790,11,Utah_County_521,0,0,389.5,3646.866365
Increased,790,11,Utah_County_524,0,0,389.5,3646.866365
Current,847,11,Davis_506,0,0,2720.6,14044.55488
Current,847,11,Davis_512,361,12251.55137,2720.6,14044.55488
Current,847,11,Davis_518,0,0,2720.6,14044.55488
Current,847,11,Davis_526,0,0,2720.6,14044.55488
Current,847,11,Davis_529,0,0,2720.6,14044.55488
Current,847,11,SLC_505,13375,39629.40204,2720.6,14044.55488
Current,847,11,SLC_510,646,12322.60373,2720.6,14044.55488
Current,847,11,SLC_514,654,21107.31486,2720.6,14044.55488
Current,847,11,SLC_517,468,12086.69058,2720.6,14044.55488
Current,847,11,SLC_519,350,11211.22571,2720.6,14044.55488
Current,847,11,SLC_520,531,14208.49271,2720.6,14044.55488
Current,847,11,SLC_523,0,0,2720.6,14044.55488
Current,847,11,SLC_525,30,1662.110259,2720.6,14044.55488
Current,847,11,SLC_527,1063,34330.19948,2720.6,14044.55488
Current,847,11,SLC_528,917,27904.4911,2720.6,14044.55488
Current,847,11,Utah_County_502,0,0,2720.6,14044.55488
Current,847,11,Utah_County_513,786,24427.30282,2720.6,14044.55488
Current,847,11,Utah_County_516,17330,39032.20816,2720.6,14044.55488
Current,847,11,Utah_County_521,0,0,2720.6,14044.55488
Current,847,11,Utah_County_524,17901,30717.50477,2720.6,14044.55488
Increased,847,11,Davis_506,0,0,1854.733333,5129.765886
Increased,847,11,Davis_512,361,12251.55137,1854.733333,5129.765886
Increased,847,11,Davis_518,0,0,1854.733333,5129.765886
Increased,847,11,Davis_526,0,0,1854.733333,5129.765886
Increased,847,11,Davis_529,0,0,1854.733333,5129.765886
Increased,847,11,NEW_Davis_530,0,0,1854.733333,5129.765886
Increased,847,11,NEW_Davis_531,0,0,1854.733333,5129.765886
Increased,847,11,NEW_SLC_503,69,2699.635663,1854.733333,5129.765886
Increased,847,11,NEW_SLC_504,0,0,1854.733333,5129.765886
Increased,847,11,NEW_SLC_507,16689,11470.76397,1854.733333,5129.765886
Increased,847,11,NEW_SLC_508,66,2293.776209,1854.733333,5129.765886
Increased,847,11,NEW_SLC_509,546,17047.23972,1854.733333,5129.765886
Increased,847,11,NEW_SLC_511,0,0,1854.733333,5129.765886
Increased,847,11,NEW_Utah_County_532,323,8600.184213,1854.733333,5129.765886
Increased,847,11,NEW_Utah_County_533,0,0,1854.733333,5129.765886
Increased,847,11,SLC_505,0,0,1854.733333,5129.765886
Increased,847,11,SLC_510,435,11439.9612,1854.733333,5129.765886
Increased,847,11,SLC_514,0,0,1854.733333,5129.765886
Increased,847,11,SLC_517,0,0,1854.733333,5129.765886
Increased,847,11,SLC_519,373,11211.22571,1854.733333,5129.765886
Increased,847,11,SLC_520,0,0,1854.733333,5129.765886
Increased,847,11,SLC_523,0,0,1854.733333,5129.765886
Increased,847,11,SLC_525,30,1662.110259,1854.733333,5129.765886
Increased,847,11,SLC_527,158,5464.771464,1854.733333,5129.765886
Increased,847,11,SLC_528,0,0,1854.733333,5129.765886
Increased,847,11,Utah_County_502,0,0,1854.733333,5129.765886
Increased,847,11,Utah_County_513,783,24427.30282,1854.733333,5129.765886
Increased,847,11,Utah_County_516,17901,14606.9492,1854.733333,5129.765886
Increased,847,11,Utah_County_521,0,0,1854.733333,5129.765886
Increased,847,11,Utah_County_524,17908,30717.50477,1854.733333,5129.765886
Current,879,19,Davis_506,2059,62344.68897,8321.2,35083.25714
Current,879,19,Davis_512,1191,39205.30877,8321.2,35083.25714
Current,879,19,Davis_518,19548,109814.0069,8321.2,35083.25714
Current,879,19,Davis_526,0,0,8321.2,35083.25714
Current,879,19,Davis_529,0,0,8321.2,35083.25714
Current,879,19,SLC_505,1225,39299.27813,8321.2,35083.25714
Current,879,19,SLC_510,1189,32564.78569,8321.2,35083.25714
Current,879,19,SLC_514,1336,42208.65908,8321.2,35083.25714
Current,879,19,SLC_517,426,11989.19676,8321.2,35083.25714
Current,879,19,SLC_519,18019,36740.9908,8321.2,35083.25714
Current,879,19,SLC_520,20604,29917.22827,8321.2,35083.25714
Current,879,19,SLC_523,16964,30741.09769,8321.2,35083.25714
Current,879,19,SLC_525,13418,46263.90619,8321.2,35083.25714
Current,879,19,SLC_527,21329,35161.95467,8321.2,35083.25714
Current,879,19,SLC_528,508,16154.24915,8321.2,35083.25714
Current,879,19,Utah_County_502,320,10494.45786,8321.2,35083.25714
Current,879,19,Utah_County_513,5646,41305.67449,8321.2,35083.25714
Current,879,19,Utah_County_516,29480,44603.88808,8321.2,35083.25714
Current,879,19,Utah_County_521,440,13407.66903,8321.2,35083.25714
Current,879,19,Utah_County_524,12722,59448.10228,8321.2,35083.25714
Increased,879,19,Davis_506,0,0,5973.566667,17267.47576
Increased,879,19,Davis_512,0,0,5973.566667,17267.47576
Increased,879,19,Davis_518,0,0,5973.566667,17267.47576
Increased,879,19,Davis_526,0,0,5973.566667,17267.47576
Increased,879,19,Davis_529,0,0,5973.566667,17267.47576
Increased,879,19,NEW_Davis_530,0,0,5973.566667,17267.47576
Increased,879,19,NEW_Davis_531,0,0,5973.566667,17267.47576
Increased,879,19,NEW_SLC_503,752,23800.97988,5973.566667,17267.47576
Increased,879,19,NEW_SLC_504,0,0,5973.566667,17267.47576
Increased,879,19,NEW_SLC_507,12030,53235.63145,5973.566667,17267.47576
Increased,879,19,NEW_SLC_508,131,2292.874978,5973.566667,17267.47576
Increased,879,19,NEW_SLC_509,1055,31393.41147,5973.566667,17267.47576
Increased,879,19,NEW_SLC_511,22990,23611.59274,5973.566667,17267.47576
Increased,879,19,NEW_Utah_County_532,29729,13767.93589,5973.566667,17267.47576
Increased,879,19,NEW_Utah_County_533,5845,30912.37975,5973.566667,17267.47576
Increased,879,19,SLC_505,13440,41827.51908,5973.566667,17267.47576
Increased,879,19,SLC_510,1117,32564.78569,5973.566667,17267.47576
Increased,879,19,SLC_514,747,23872.45066,5973.566667,17267.47576
Increased,879,19,SLC_517,0,0,5973.566667,17267.47576
Increased,879,19,SLC_519,18594,27831.71675,5973.566667,17267.47576
Increased,879,19,SLC_520,21392,29917.22827,5973.566667,17267.47576
Increased,879,19,SLC_523,0,0,5973.566667,17267.47576
Increased,879,19,SLC_525,825,25399.45683,5973.566667,17267.47576
Increased,879,19,SLC_527,18419,31458.87942,5973.566667,17267.47576
Increased,879,19,SLC_528,531,16154.24915,5973.566667,17267.47576
Increased,879,19,Utah_County_502,320,10494.45786,5973.566667,17267.47576
Increased,879,19,Utah_County_513,705,18821.07037,5973.566667,17267.47576
Increased,879,19,Utah_County_516,29398,44603.88808,5973.566667,17267.47576
Increased,879,19,Utah_County_521,436,13407.66903,5973.566667,17267.47576
Increased,879,19,Utah_County_524,751,22656.0954,5973.566667,17267.47576
Current,886,5,Davis_506,0,0,733.1,4331.166048
Current,886,5,Davis_512,0,0,733.1,4331.166048
Current,886,5,Davis_518,0,0,733.1,4331.166048
Current,886,5,Davis_526,0,0,733.1,4331.166048
Current,886,5,Davis_529,0,0,733.1,4331.166048
Current,886,5,SLC_505,648,17217.70102,733.1,4331.166048
Current,886,5,SLC_510,960,20971.48657,733.1,4331.166048
Current,886,5,SLC_514,0,0,733.1,4331.166048
Current,886,5,SLC_517,0,0,733.1,4331.166048
Current,886,5,SLC_519,260,8378.771216,733.1,4331.166048
Current,886,5,SLC_520,0,0,733.1,4331.166048
Current,886,5,SLC_523,0,0,733.1,4331.166048
Current,886,5,SLC_525,30,1662.110259,733.1,4331.166048
Current,886,5,SLC_527,0,0,733.1,4331.166048
Current,886,5,SLC_528,1195,27904.4911,733.1,4331.166048
Current,886,5,Utah_County_502,0,0,733.1,4331.166048
Current,886,5,Utah_County_513,11569,10488.7608,733.1,4331.166048
Current,886,5,Utah_County_516,0,0,733.1,4331.166048
Current,886,5,Utah_County_521,0,0,733.1,4331.166048
Current,886,5,Utah_County_524,0,0,733.1,4331.166048
Increased,886,5,Davis_506,0,0,447.1,1715.747415
Increased,886,5,Davis_512,0,0,447.1,1715.747415
Increased,886,5,Davis_518,0,0,447.1,1715.747415
Increased,886,5,Davis_526,0,0,447.1,1715.747415
Increased,886,5,Davis_529,0,0,447.1,1715.747415
Increased,886,5,NEW_Davis_530,0,0,447.1,1715.747415
Increased,886,5,NEW_Davis_531,0,0,447.1,1715.747415
Increased,886,5,NEW_SLC_503,0,0,447.1,1715.747415
Increased,886,5,NEW_SLC_504,0,0,447.1,1715.747415
Increased,886,5,NEW_SLC_507,380,6552.974986,447.1,1715.747415
Increased,886,5,NEW_SLC_508,0,0,447.1,1715.747415
Increased,886,5,NEW_SLC_509,755,17047.23972,447.1,1715.747415
Increased,886,5,NEW_SLC_511,0,0,447.1,1715.747415
Increased,886,5,NEW_Utah_County_532,356,7342.56547,447.1,1715.747415
Increased,886,5,NEW_Utah_County_533,0,0,447.1,1715.747415
Increased,886,5,SLC_505,0,0,447.1,1715.747415
Increased,886,5,SLC_510,0,0,447.1,1715.747415
Increased,886,5,SLC_514,0,0,447.1,1715.747415
Increased,886,5,SLC_517,0,0,447.1,1715.747415
Increased,886,5,SLC_519,269,8378.771216,447.1,1715.747415
Increased,886,5,SLC_520,0,0,447.1,1715.747415
Increased,886,5,SLC_523,0,0,447.1,1715.747415
Increased,886,5,SLC_525,30,1662.110259,447.1,1715.747415
Increased,886,5,SLC_527,0,0,447.1,1715.747415
Increased,886,5,SLC_528,0,0,447.1,1715.747415
Increased,886,5,Utah_County_502,0,0,447.1,1715.747415
Increased,886,5,Utah_County_513,11623,10488.7608,447.1,1715.747415
Increased,886,5,Utah_County_516,0,0,447.1,1715.747415
Increased,886,5,Utah_County_521,0,0,447.1,1715.747415
Increased,886,5,Utah_County_524,0,0,447.1,1715.747415
Current,907,7,Davis_506,0,0,1226.05,5051.149358
Current,907,7,Davis_512,0,0,1226.05,5051.149358
Current,907,7,Davis_518,0,0,1226.05,5051.149358
Current,907,7,Davis_526,0,0,1226.05,5051.149358
Current,907,7,Davis_529,0,0,1226.05,5051.149358
Current,907,7,SLC_505,27,1585.95629,1226.05,5051.149358
Current,907,7,SLC_510,15237,28330.40293,1226.05,5051.149358
Current,907,7,SLC_514,0,0,1226.05,5051.149358
Current,907,7,SLC_517,456,12815.15833,1226.05,5051.149358
Current,907,7,SLC_519,419,11990.0819,1226.05,5051.149358
Current,907,7,SLC_520,367,10469.57746,1226.05,5051.149358
Current,907,7,SLC_523,7226,11404.50744,1226.05,5051.149358
Current,907,7,SLC_525,0,0,1226.05,5051.149358
Current,907,7,SLC_527,0,0,1226.05,5051.149358
Current,907,7,SLC_528,0,0,1226.05,5051.149358
Current,907,7,Utah_County_502,0,0,1226.05,5051.149358
Current,907,7,Utah_County_513,789,24427.30282,1226.05,5051.149358
Current,907,7,Utah_County_516,0,0,1226.05,5051.149358
Current,907,7,Utah_County_521,0,0,1226.05,5051.149358
Current,907,7,Utah_County_524,0,0,1226.05,5051.149358
Increased,907,7,Davis_506,0,0,788.3,2143.829173
Increased,907,7,Davis_512,0,0,788.3,2143.829173
Increased,907,7,Davis_518,0,0,788.3,2143.829173
Increased,907,7,Davis_526,0,0,788.3,2143.829173
Increased,907,7,Davis_529,0,0,788.3,2143.829173
Increased,907,7,NEW_Davis_530,0,0,788.3,2143.829173
Increased,907,7,NEW_Davis_531,0,0,788.3,2143.829173
Increased,907,7,NEW_SLC_503,445,12788.74906,788.3,2143.829173
Increased,907,7,NEW_SLC_504,0,0,788.3,2143.829173
Increased,907,7,NEW_SLC_507,15236,17287.69121,788.3,2143.829173
Increased,907,7,NEW_SLC_508,110,2399.6225,788.3,2143.829173
Increased,907,7,NEW_SLC_509,0,0,788.3,2143.829173
Increased,907,7,NEW_SLC_511,0,0,788.3,2143.829173
Increased,907,7,NEW_Utah_County_532,0,0,788.3,2143.829173
Increased,907,7,NEW_Utah_County_533,0,0,788.3,2143.829173
Increased,907,7,SLC_505,27,1585.95629,788.3,2143.829173
Increased,907,7,SLC_510,0,0,788.3,2143.829173
Increased,907,7,SLC_514,0,0,788.3,2143.829173
Increased,907,7,SLC_517,0,0,788.3,2143.829173
Increased,907,7,SLC_519,261,8378.771216,788.3,2143.829173
Increased,907,7,SLC_520,354,10469.57746,788.3,2143.829173
Increased,907,7,SLC_523,7216,11404.50744,788.3,2143.829173
Increased,907,7,SLC_525,0,0,788.3,2143.829173
Increased,907,7,SLC_527,0,0,788.3,2143.829173
Increased,907,7,SLC_528,0,0,788.3,2143.829173
Increased,907,7,Utah_County_502,0,0,788.3,2143.829173
Increased,907,7,Utah_County_513,0,0,788.3,2143.829173
Increased,907,7,Utah_County_516,0,0,788.3,2143.829173
Increased,907,7,Utah_County_521,0,0,788.3,2143.829173
Increased,907,7,Utah_County_524,0,0,788.3,2143.829173
Current,915,7,Davis_506,4307,72679.38765,4936.65,49543.86825
Current,915,7,Davis_512,6055,106042.0519,4936.65,49543.86825
Current,915,7,Davis_518,26038,91480.77578,4936.65,49543.86825
Current,915,7,Davis_526,0,0,4936.65,49543.86825
Current,915,7,Davis_529,0,0,4936.65,49543.86825
Current,915,7,SLC_505,8969,210646.062,4936.65,49543.86825
Current,915,7,SLC_510,8930,203911.5695,4936.65,49543.86825
Current,915,7,SLC_514,5952,27551.48237,4936.65,49543.86825
Current,915,7,SLC_517,5187,17245.26901,4936.65,49543.86825
Current,915,7,SLC_519,175,6060.72616,4936.65,49543.86825
Current,915,7,SLC_520,663,11945.56755,4936.65,49543.86825
Current,915,7,SLC_523,13648,21677.11778,4936.65,49543.86825
Current,915,7,SLC_525,5206,80198.36897,4936.65,49543.86825
Current,915,7,SLC_527,5081,33072.75776,4936.65,49543.86825
Current,915,7,SLC_528,1295,24053.27611,4936.65,49543.86825
Current,915,7,Utah_County_502,1269,36872.53825,4936.65,49543.86825
Current,915,7,Utah_County_513,5072,23795.34719,4936.65,49543.86825
Current,915,7,Utah_County_516,157,3760.850553,4936.65,49543.86825
Current,915,7,Utah_County_521,0,0,4936.65,49543.86825
Current,915,7,Utah_County_524,729,19884.21646,4936.65,49543.86825
Increased,915,7,Davis_506,3206,101604.1681,2845.433333,25408.15424
Increased,915,7,Davis_512,4609,54919.9506,2845.433333,25408.15424
Increased,915,7,Davis_518,26045,91480.77578,2845.433333,25408.15424
Increased,915,7,Davis_526,0,0,2845.433333,25408.15424
Increased,915,7,Davis_529,0,0,2845.433333,25408.15424
Increased,915,7,NEW_Davis_530,0,0,2845.433333,25408.15424
Increased,915,7,NEW_Davis_531,0,0,2845.433333,25408.15424
Increased,915,7,NEW_SLC_503,1696,54050.50466,2845.433333,25408.15424
Increased,915,7,NEW_SLC_504,5155,11622.23505,2845.433333,25408.15424
Increased,915,7,NEW_SLC_507,1610,48882.238,2845.433333,25408.15424
Increased,915,7,NEW_SLC_508,0,0,2845.433333,25408.15424
Increased,915,7,NEW_SLC_509,1509,46001.66424,2845.433333,25408.15424
Increased,915,7,NEW_SLC_511,180,5911.781743,2845.433333,25408.15424
Increased,915,7,NEW_Utah_County_532,608,20635.11841,2845.433333,25408.15424
Increased,915,7,NEW_Utah_County_533,757,19482.15505,2845.433333,25408.15424
Increased,915,7,SLC_505,4940,60222.54887,2845.433333,25408.15424
Increased,915,7,SLC_510,5263,69027.48941,2845.433333,25408.15424
Increased,915,7,SLC_514,4308,34207.14934,2845.433333,25408.15424
Increased,915,7,SLC_517,0,0,2845.433333,25408.15424
Increased,915,7,SLC_519,175,6060.72616,2845.433333,25408.15424
Increased,915,7,SLC_520,0,0,2845.433333,25408.15424
Increased,915,7,SLC_523,13651,21677.11778,2845.433333,25408.15424
Increased,915,7,SLC_525,4580,41114.09866,2845.433333,25408.15424
Increased,915,7,SLC_527,0,0,2845.433333,25408.15424
Increased,915,7,SLC_528,1107,27904.4911,2845.433333,25408.15424
Increased,915,7,Utah_County_502,0,0,2845.433333,25408.15424
Increased,915,7,Utah_County_513,5069,23795.34719,2845.433333,25408.15424
Increased,915,7,Utah_County_516,162,3760.850553,2845.433333,25408.15424
Increased,915,7,Utah_County_521,0,0,2845.433333,25408.15424
Increased,915,7,Utah_County_524,733,19884.21646,2845.433333,25408.15424
Current,946,7,Davis_506,0,0,9007.95,24764.77337
Current,946,7,Davis_512,19700,33054.89409,9007.95,24764.77337
Current,946,7,Davis_518,0,0,9007.95,24764.77337
Current,946,7,Davis_526,0,0,9007.95,24764.77337
Current,946,7,Davis_529,460,15481.94736,9007.95,24764.77337
Current,946,7,SLC_505,27728,69304.84307,9007.95,24764.77337
Current,946,7,SLC_510,8717,30711.8077,9007.95,24764.77337
Current,946,7,SLC_514,1088,34084.91997,9007.95,24764.77337
Current,946,7,SLC_517,4868,14919.306,9007.95,24764.77337
Current,946,7,SLC_519,12073,18591.70723,9007.95,24764.77337
Current,946,7,SLC_520,9334,21149.67269,9007.95,24764.77337
Current,946,7,SLC_523,7971,17927.22684,9007.95,24764.77337
Current,946,7,SLC_525,19688,19249.04215,9007.95,24764.77337
Current,946,7,SLC_527,3208,17235.08189,9007.95,24764.77337
Current,946,7,SLC_528,1823,48882.238,9007.95,24764.77337
Current,946,7,Utah_County_502,320,10494.45786,9007.95,24764.77337
Current,946,7,Utah_County_513,9831,11694.43004,9007.95,24764.77337
Current,946,7,Utah_County_516,29606,46240.60295,9007.95,24764.77337
Current,946,7,Utah_County_521,436,13407.66903,9007.95,24764.77337
Current,946,7,Utah_County_524,23308,72865.62047,9007.95,24764.77337
Increased,946,7,Davis_506,0,0,4592.8,10393.81671
Increased,946,7,Davis_512,0,0,4592.8,10393.81671
Increased,946,7,Davis_518,0,0,4592.8,10393.81671
Increased,946,7,Davis_526,0,0,4592.8,10393.81671
Increased,946,7,Davis_529,0,0,4592.8,10393.81671
Increased,946,7,NEW_Davis_530,406,12195.28884,4592.8,10393.81671
Increased,946,7,NEW_Davis_531,0,0,4592.8,10393.81671
Increased,946,7,NEW_SLC_503,475,15677.24077,4592.8,10393.81671
Increased,946,7,NEW_SLC_504,4935,9296.272043,4592.8,10393.81671
Increased,946,7,NEW_SLC_507,8689,16779.73523,4592.8,10393.81671
Increased,946,7,NEW_SLC_508,0,0,4592.8,10393.81671
Increased,946,7,NEW_SLC_509,818,23269.67237,4592.8,10393.81671
Increased,946,7,NEW_SLC_511,7576,15215.77862,4592.8,10393.81671
Increased,946,7,NEW_Utah_County_532,633,17791.52729,4592.8,10393.81671
Increased,946,7,NEW_Utah_County_533,983,30912.37975,4592.8,10393.81671
Increased,946,7,SLC_505,26739,13992.66412,4592.8,10393.81671
Increased,946,7,SLC_510,0,0,4592.8,10393.81671
Increased,946,7,SLC_514,19714,17705.9104,4592.8,10393.81671
Increased,946,7,SLC_517,0,0,4592.8,10393.81671
Increased,946,7,SLC_519,27,1585.95629,4592.8,10393.81671
Increased,946,7,SLC_520,5381,16817.26504,4592.8,10393.81671
Increased,946,7,SLC_523,161,5102.042322,4592.8,10393.81671
Increased,946,7,SLC_525,388,11079.91966,4592.8,10393.81671
Increased,946,7,SLC_527,69,2699.635663,4592.8,10393.81671
Increased,946,7,SLC_528,1077,12066.81523,4592.8,10393.81671
Increased,946,7,Utah_County_502,320,10494.45786,4592.8,10393.81671
Increased,946,7,Utah_County_513,9830,11694.43004,4592.8,10393.81671
Increased,946,7,Utah_County_516,20956,15862.41143,4592.8,10393.81671
Increased,946,7,Utah_County_521,446,13407.66903,4592.8,10393.81671
Increased,946,7,Utah_County_524,28161,38167.42931,4592.8,10393.81671
Current,951,20,Davis_506,1487,48025.1518,5422.9,42625.09914
Current,951,20,Davis_512,1445,47742.66435,5422.9,42625.09914
Current,951,20,Davis_518,22584,95004.26478,5422.9,42625.09914
Current,951,20,Davis_526,1665,52573.40413,5422.9,42625.09914
Current,951,20,Davis_529,908,29434.02393,5422.9,42625.09914
Current,951,20,SLC_505,1973,63310.32516,5422.9,42625.09914
Current,951,20,SLC_510,14830,33294.8145,5422.9,42625.09914
Current,951,20,SLC_514,2041,66219.7061,5422.9,42625.09914
Current,951,20,SLC_517,11956,35119.43591,5422.9,42625.09914
Current,951,20,SLC_519,6202,46900.15876,5422.9,42625.09914
Current,951,20,SLC_520,1487,39151.76603,5422.9,42625.09914
Current,951,20,SLC_523,664,20603.688,5422.9,42625.09914
Current,951,20,SLC_525,14166,29022.93412,5422.9,42625.09914
Current,951,20,SLC_527,1084,30387.96021,5422.9,42625.09914
Current,951,20,SLC_528,957,25219.69355,5422.9,42625.09914
Current,951,20,Utah_County_502,971,33213.09221,5422.9,42625.09914
Current,951,20,Utah_County_513,18248,45692.46175,5422.9,42625.09914
Current,951,20,Utah_County_516,503,15042.99988,5422.9,42625.09914
Current,951,20,Utah_County_521,5226,94396.65846,5422.9,42625.09914
Current,951,20,Utah_County_524,61,2146.779093,5422.9,42625.09914
Increased,951,20,Davis_506,0,0,2989.333333,18613.14954
Increased,951,20,Davis_512,0,0,2989.333333,18613.14954
Increased,951,20,Davis_518,0,0,2989.333333,18613.14954
Increased,951,20,Davis_526,0,0,2989.333333,18613.14954
Increased,951,20,Davis_529,0,0,2989.333333,18613.14954
Increased,951,20,NEW_Davis_530,0,0,2989.333333,18613.14954
Increased,951,20,NEW_Davis_531,0,0,2989.333333,18613.14954
Increased,951,20,NEW_SLC_503,1452,47812.0269,2989.333333,18613.14954
Increased,951,20,NEW_SLC_504,5223,14981.9737,2989.333333,18613.14954
Increased,951,20,NEW_SLC_507,1358,42643.76024,2989.333333,18613.14954
Increased,951,20,NEW_SLC_508,668,18181.06803,2989.333333,18613.14954
Increased,951,20,NEW_SLC_509,468,14077.55681,2989.333333,18613.14954
Increased,951,20,NEW_SLC_511,544,11934.65623,2989.333333,18613.14954
Increased,951,20,NEW_Utah_County_532,10270,27464.03084,2989.333333,18613.14954
Increased,951,20,NEW_Utah_County_533,1036,33941.12544,2989.333333,18613.14954
Increased,951,20,SLC_505,14913,67267.62784,2989.333333,18613.14954
Increased,951,20,SLC_510,14192,25184.98009,2989.333333,18613.14954
Increased,951,20,SLC_514,661,21107.31486,2989.333333,18613.14954
Increased,951,20,SLC_517,6606,17789.5478,2989.333333,18613.14954
Increased,951,20,SLC_519,11364,32733.38014,2989.333333,18613.14954
Increased,951,20,SLC_520,266,6974.525505,2989.333333,18613.14954
Increased,951,20,SLC_523,6530,28600.24097,2989.333333,18613.14954
Increased,951,20,SLC_525,389,11079.91966,2989.333333,18613.14954
Increased,951,20,SLC_527,1014,30387.96021,2989.333333,18613.14954
Increased,951,20,SLC_528,893,25219.69355,2989.333333,18613.14954
Increased,951,20,Utah_County_502,979,33213.09221,2989.333333,18613.14954
Increased,951,20,Utah_County_513,10287,30610.22616,2989.333333,18613.14954
Increased,951,20,Utah_County_516,506,15042.99988,2989.333333,18613.14954
Increased,951,20,Utah_County_521,0,0,2989.333333,18613.14954
Increased,951,20,Utah_County_524,61,2146.779093,2989.333333,18613.14954
