Incident,Seed,id,Scenario,Incident Link,Start Time [HH:MM:SS],End Time [HH:MM:SS],Duration [HH:MM:SS],Duration [mins],IMTs,1st Truck Arrival [HH:MM:SS],1st vehicle_id,2nd Truck Arrival [HH:MM:SS],2nd vehicle_id,3rd Truck Arrival [HH:MM:SS],3rd vehicle_id,4th Truck Arrival [HH:MM:SS],4th vehicle_id
1,141,12_141,2,13499,7:45:46,9:08:56,1:23:10,83.17,2,7:50:31,SLC_510,7:57:28,SLC_505,,,,
1,141,12_141,3,13499,7:45:46,9:08:56,1:23:10,83.17,2,7:50:19,SLC_510,7:54:44,NEW_SLC_509,,,,
2,141,12_141,2,17641,7:54:48,8:37:47,0:42:59,42.98,1,8:02:46,Utah_County_516,,,,,,
2,141,12_141,3,17641,7:54:48,8:37:47,0:42:59,42.98,1,8:02:49,Utah_County_516,,,,,,
3,141,12_141,2,16652,8:44:13,9:14:42,0:30:29,30.48,2,8:55:04,Utah_County_516,9:00:55,Utah_County_524,,,,
3,141,12_141,3,16652,8:44:13,9:14:42,0:30:29,30.48,2,8:55:09,Utah_County_516,9:01:04,Utah_County_524,,,,
4,141,12_141,2,16583,8:48:41,9:22:55,0:34:14,34.23,1,9:00:32,SLC_514,,,,,,
4,141,12_141,3,16583,8:48:41,9:22:55,0:34:14,34.23,1,8:58:35,SLC_505,,,,,,
5,141,12_141,2,18523,12:23:05,13:59:00,1:35:55,95.92,1,12:30:43,Utah_County_513,,,,,,
5,141,12_141,3,18523,12:23:05,13:59:00,1:35:55,95.92,1,12:28:05,NEW_Utah_County_532,,,,,,
6,141,12_141,2,12978,16:30:46,17:29:00,0:58:14,58.23,2,16:43:48,SLC_528,16:51:09,SLC_527,,,,
6,141,12_141,3,12978,16:30:46,17:29:00,0:58:14,58.23,2,16:40:04,SLC_528,16:50:51,SLC_527,,,,
7,141,12_141,2,13461,17:32:43,18:01:01,0:28:18,28.3,1,17:49:38,Utah_County_513,,,,,,
7,141,12_141,3,13461,17:32:43,18:01:01,0:28:18,28.3,1,17:36:08,SLC_528,,,,,,
8,141,12_141,2,13640,18:01:12,18:33:18,0:32:06,32.1,3,18:10:29,SLC_520,18:20:20,SLC_528,18:20:53,SLC_527,,
8,141,12_141,3,13640,18:01:12,18:33:18,0:32:06,32.1,3,18:06:22,NEW_SLC_511,18:10:39,SLC_520,18:11:30,NEW_SLC_508,,
9,141,12_141,2,13490,18:01:14,20:52:40,2:51:26,171.43,2,18:12:36,SLC_519,18:15:36,SLC_517,,,,
9,141,12_141,3,13490,18:01:14,20:52:40,2:51:26,171.43,2,18:11:27,SLC_519,18:17:36,SLC_517,,,,
10,141,12_141,2,12982,18:04:36,18:50:37,0:46:01,46.02,1,18:13:39,Utah_County_513,,,,,,
10,141,12_141,3,12982,18:04:36,18:50:37,0:46:01,46.02,1,18:06:47,SLC_527,,,,,,
11,141,12_141,2,14513,18:41:54,21:22:55,2:41:01,161.02,3,18:48:46,SLC_520,18:48:55,SLC_528,18:49:10,SLC_527,,
11,141,12_141,3,14513,18:41:54,21:22:55,2:41:01,161.02,3,19:20:18,NEW_SLC_511,19:20:35,NEW_SLC_508,19:21:16,SLC_520,,
12,141,12_141,2,13244,19:39:49,20:38:17,0:58:28,58.47,2,19:58:23,SLC_523,20:05:02,Utah_County_513,,,,
12,141,12_141,3,13244,19:39:49,20:38:17,0:58:28,58.47,2,19:44:51,SLC_528,19:53:11,SLC_527,,,,
13,167,18_167,2,13131,6:00:35,7:48:00,1:47:25,107.42,2,6:06:23,SLC_510,6:07:22,SLC_505,,,,
13,167,18_167,3,13131,6:00:35,7:48:00,1:47:25,107.42,2,6:06:23,SLC_510,6:07:22,SLC_505,,,,
14,167,18_167,2,18779,6:59:12,8:27:03,1:27:51,87.85,2,7:02:49,Utah_County_516,7:09:36,Utah_County_524,,,,
14,167,18_167,3,18779,6:59:12,8:27:03,1:27:51,87.85,2,7:02:46,Utah_County_516,7:09:34,Utah_County_524,,,,
15,167,18_167,2,18804,8:03:57,9:00:48,0:56:51,56.85,2,8:39:24,SLC_510,8:39:45,SLC_505,,,,
15,167,18_167,3,18804,8:03:57,9:00:48,0:56:51,56.85,2,8:29:48,NEW_SLC_507,8:32:02,NEW_SLC_503,,,,
16,167,18_167,2,16613,9:03:33,9:54:06,0:50:33,50.55,1,9:25:45,SLC_514,,,,,,
16,167,18_167,3,16613,9:03:33,9:54:06,0:50:33,50.55,1,9:19:54,NEW_SLC_509,,,,,,
17,167,18_167,2,13416,9:08:23,10:21:56,1:13:33,73.55,1,9:13:57,SLC_525,,,,,,
17,167,18_167,3,13416,9:08:23,10:21:56,1:13:33,73.55,1,9:11:57,SLC_514,,,,,,
18,167,18_167,2,17632,9:14:42,9:45:51,0:31:09,31.15,1,9:24:09,SLC_505,,,,,,
18,167,18_167,3,17632,9:14:42,9:45:51,0:31:09,31.15,1,9:24:10,NEW_SLC_503,,,,,,
19,167,18_167,2,14513,12:59:15,14:29:05,1:29:50,89.83,2,13:07:39,SLC_525,13:14:24,Davis_518,,,,
19,167,18_167,3,14513,12:59:15,14:29:05,1:29:50,89.83,2,13:07:37,SLC_514,13:08:29,SLC_505,,,,
20,167,18_167,2,17496,13:28:48,14:25:19,0:56:31,56.52,2,13:31:12,SLC_514,13:33:13,SLC_505,,,,
20,167,18_167,3,17496,13:28:48,14:25:19,0:56:31,56.52,2,13:31:11,NEW_SLC_509,13:33:11,NEW_SLC_503,,,,
21,167,18_167,2,13073,14:20:42,15:35:00,1:14:18,74.3,1,14:21:24,SLC_519,,,,,,
21,167,18_167,3,13073,14:20:42,15:35:00,1:14:18,74.3,1,14:21:24,SLC_519,,,,,,
22,167,18_167,2,12956,14:24:06,15:34:50,1:10:44,70.73,2,14:29:26,SLC_527,14:30:25,SLC_528,,,,
22,167,18_167,3,12956,14:24:06,15:34:50,1:10:44,70.73,2,14:28:24,SLC_527,14:30:26,SLC_528,,,,
23,167,18_167,2,16560,15:23:34,16:30:17,1:06:43,66.72,1,15:29:31,Davis_518,,,,,,
23,167,18_167,3,16560,15:23:34,16:30:17,1:06:43,66.72,1,15:36:50,NEW_SLC_511,,,,,,
24,167,18_167,2,18234,15:42:48,16:51:40,1:08:52,68.87,1,15:45:41,Utah_County_513,,,,,,
24,167,18_167,3,18234,15:42:48,16:51:40,1:08:52,68.87,1,15:45:41,Utah_County_513,,,,,,
25,167,18_167,2,24751,16:16:14,17:08:50,0:52:36,52.6,1,16:34:01,SLC_527,,,,,,
25,167,18_167,3,24751,16:16:14,17:08:50,0:52:36,52.6,1,16:24:39,NEW_Utah_County_532,,,,,,
26,167,18_167,2,8342,16:18:37,16:57:00,0:38:23,38.38,1,16:21:29,SLC_517,,,,,,
26,167,18_167,3,8342,16:18:37,16:57:00,0:38:23,38.38,1,16:22:09,SLC_517,,,,,,
27,167,18_167,2,12931,16:25:01,16:53:53,0:28:52,28.87,2,16:33:11,SLC_520,16:33:16,SLC_519,,,,
27,167,18_167,3,12931,16:25:01,16:53:53,0:28:52,28.87,2,16:33:19,SLC_520,16:33:20,SLC_519,,,,
28,167,18_167,2,20832,16:30:19,17:25:35,0:55:16,55.27,2,16:37:09,Utah_County_502,16:44:45,Utah_County_521,,,,
28,167,18_167,3,20832,16:30:19,17:25:35,0:55:16,55.27,2,16:37:07,Utah_County_502,16:40:48,NEW_Utah_County_533,,,,
29,167,18_167,2,16652,16:48:31,17:41:01,0:52:30,52.5,1,17:17:59,SLC_528,,,,,,
29,167,18_167,3,16652,16:48:31,17:41:01,0:52:30,52.5,1,17:12:45,SLC_527,,,,,,
30,167,18_167,2,16705,17:39:33,18:44:08,1:04:35,64.58,1,17:47:18,Davis_529,,,,,,
30,167,18_167,3,16705,17:39:33,18:44:08,1:04:35,64.58,1,17:48:24,NEW_Davis_530,,,,,,
31,227,19_227,2,13125,7:27:56,8:00:00,0:32:04,32.07,1,7:32:37,SLC_510,,,,,,
31,227,19_227,3,13125,7:27:56,8:00:00,0:32:04,32.07,1,7:32:37,SLC_510,,,,,,
32,227,19_227,2,12959,7:44:55,8:52:41,1:07:46,67.77,1,8:02:59,Utah_County_516,,,,,,
32,227,19_227,3,12959,7:44:55,8:52:41,1:07:46,67.77,1,7:55:58,NEW_SLC_507,,,,,,
33,227,19_227,2,16567,9:20:28,11:07:13,1:46:45,106.75,3,9:26:13,Utah_County_516,9:36:46,SLC_505,9:38:09,SLC_514,,
33,227,19_227,3,16567,9:20:28,11:07:13,1:46:45,106.75,3,9:28:30,NEW_SLC_503,9:33:29,NEW_SLC_509,9:37:15,NEW_SLC_507,,
34,227,19_227,2,18310,9:24:37,10:17:50,0:53:13,53.22,2,9:37:30,Utah_County_524,9:57:55,SLC_510,,,,
34,227,19_227,3,18310,9:24:37,10:17:50,0:53:13,53.22,2,9:28:01,Utah_County_516,9:37:33,Utah_County_524,,,,
35,227,19_227,2,12941,9:32:06,10:46:47,1:14:41,74.68,1,9:43:18,SLC_525,,,,,,
35,227,19_227,3,12941,9:32:06,10:46:47,1:14:41,74.68,1,9:40:10,SLC_505,,,,,,
36,227,19_227,2,13244,10:50:59,11:49:42,0:58:43,58.72,1,10:57:02,SLC_525,,,,,,
36,227,19_227,3,13244,10:50:59,11:49:42,0:58:43,58.72,1,10:57:08,SLC_505,,,,,,
37,227,19_227,2,16560,12:58:48,14:07:10,1:08:22,68.37,2,13:02:23,SLC_525,13:11:41,SLC_505,,,,
37,227,19_227,3,16560,12:58:48,14:07:10,1:08:22,68.37,2,13:02:38,SLC_505,13:11:49,NEW_SLC_503,,,,
38,227,19_227,2,20454,14:37:35,18:09:52,3:32:17,212.28,3,14:43:07,Utah_County_502,14:45:08,Utah_County_521,14:58:16,Utah_County_524,,
38,227,19_227,3,20454,14:37:35,18:09:52,3:32:17,212.28,3,14:43:07,Utah_County_502,14:45:05,Utah_County_521,14:54:10,NEW_Utah_County_533,,
39,227,19_227,2,14513,15:10:17,15:43:24,0:33:07,33.12,1,15:12:44,SLC_527,,,,,,
39,227,19_227,3,14513,15:10:17,15:43:24,0:33:07,33.12,1,15:12:29,SLC_527,,,,,,
40,227,19_227,2,18249,15:25:22,16:56:49,1:31:27,91.45,1,15:30:12,Utah_County_513,,,,,,
40,227,19_227,3,18249,15:25:22,16:56:49,1:31:27,91.45,1,15:27:23,NEW_Utah_County_532,,,,,,
41,227,19_227,2,12899,15:29:51,16:43:53,1:14:02,74.03,1,15:32:56,SLC_519,,,,,,
41,227,19_227,3,12899,15:29:51,16:43:53,1:14:02,74.03,1,15:32:56,SLC_519,,,,,,
42,227,19_227,2,12907,16:15:17,16:54:39,0:39:22,39.37,1,16:20:45,SLC_523,,,,,,
42,227,19_227,3,12907,16:15:17,16:54:39,0:39:22,39.37,1,16:21:30,NEW_SLC_508,,,,,,
43,227,19_227,2,19698,17:01:02,17:56:00,0:54:58,54.97,1,17:15:43,Utah_County_513,,,,,,
43,227,19_227,3,19698,17:01:02,17:56:00,0:54:58,54.97,1,17:13:57,Utah_County_513,,,,,,
44,227,19_227,2,13464,17:08:22,18:14:28,1:06:06,66.1,1,17:44:28,SLC_527,,,,,,
44,227,19_227,3,13464,17:08:22,18:14:28,1:06:06,66.1,1,17:17:16,NEW_Utah_County_532,,,,,,
45,227,19_227,2,13018,17:27:04,18:37:49,1:10:45,70.75,2,17:36:32,SLC_519,17:36:41,SLC_517,,,,
45,227,19_227,3,13018,17:27:04,18:37:49,1:10:45,70.75,2,17:36:32,SLC_519,17:36:56,SLC_517,,,,
46,227,19_227,2,12932,17:52:04,19:04:00,1:11:56,71.93,1,17:55:47,SLC_523,,,,,,
46,227,19_227,3,12932,17:52:04,19:04:00,1:11:56,71.93,1,17:55:46,NEW_SLC_508,,,,,,
47,227,19_227,2,18234,17:58:06,19:19:16,1:21:10,81.17,1,18:23:35,SLC_528,,,,,,
47,227,19_227,3,18234,17:58:06,19:19:16,1:21:10,81.17,1,19:09:20,SLC_527,,,,,,
48,227,19_227,2,13640,18:17:47,19:45:27,1:27:40,87.67,2,18:25:18,SLC_520,18:39:32,Davis_529,,,,
48,227,19_227,3,13640,18:17:47,19:45:27,1:27:40,87.67,2,18:22:36,NEW_SLC_511,18:27:18,SLC_520,,,,
49,227,19_227,2,24911,19:01:30,19:42:03,0:40:33,40.55,2,19:19:13,SLC_527,21:20:06,SLC_517,,,,
49,227,19_227,3,24911,19:01:30,19:42:03,0:40:33,40.55,2,19:14:32,NEW_Utah_County_532,19:19:21,SLC_528,,,,
50,340,12_340,2,24911,7:54:37,9:31:00,1:36:23,96.38,3,8:13:37,SLC_510,8:15:32,SLC_505,8:16:16,Utah_County_516,,
50,340,12_340,3,24911,7:54:37,9:31:00,1:36:23,96.38,3,8:05:45,NEW_SLC_507,8:07:20,NEW_SLC_503,8:12:29,NEW_SLC_509,,
51,340,12_340,2,13508,8:24:28,9:16:58,0:52:30,52.5,1,8:37:51,SLC_514,,,,,,
51,340,12_340,3,13508,8:24:28,9:16:58,0:52:30,52.5,1,8:33:59,SLC_510,,,,,,
52,340,12_340,2,13440,8:49:05,9:27:52,0:38:47,38.78,1,9:10:43,SLC_525,,,,,,
52,340,12_340,3,13440,8:49:05,9:27:52,0:38:47,38.78,1,9:06:41,SLC_505,,,,,,
53,340,12_340,2,16567,10:50:49,11:58:21,1:07:32,67.53,1,11:01:32,SLC_514,,,,,,
53,340,12_340,3,16567,10:50:49,11:58:21,1:07:32,67.53,1,11:01:28,SLC_510,,,,,,
54,340,12_340,2,13467,14:33:01,16:07:02,1:34:01,94.02,2,14:41:45,SLC_528,14:43:52,SLC_527,,,,
54,340,12_340,3,13467,14:33:01,16:07:02,1:34:01,94.02,2,14:41:28,SLC_528,14:42:35,SLC_527,,,,
55,340,12_340,2,13425,15:07:43,16:37:56,1:30:13,90.22,1,15:12:17,SLC_523,,,,,,
55,340,12_340,3,13425,15:07:43,16:37:56,1:30:13,90.22,1,15:12:17,SLC_523,,,,,,
56,340,12_340,2,13208,15:18:06,17:17:25,1:59:19,119.32,1,15:24:20,SLC_519,,,,,,
56,340,12_340,3,13208,15:18:06,17:17:25,1:59:19,119.32,1,15:24:14,SLC_519,,,,,,
57,340,12_340,2,12899,15:41:53,17:35:18,1:53:25,113.42,1,15:53:27,SLC_517,,,,,,
57,340,12_340,3,12899,15:41:53,17:35:18,1:53:25,113.42,1,15:50:03,NEW_SLC_508,,,,,,
58,340,12_340,2,12931,16:31:08,16:47:45,0:16:37,16.62,2,16:39:31,SLC_520,16:44:48,Davis_518,,,,
58,340,12_340,3,12931,16:31:08,16:47:45,0:16:37,16.62,2,16:37:41,NEW_SLC_511,16:39:16,SLC_520,,,,
59,340,12_340,2,13018,17:27:04,18:37:49,1:10:45,70.75,2,17:39:51,SLC_520,17:40:02,Davis_518,,,,
59,340,12_340,3,13018,17:27:04,18:37:49,1:10:45,70.75,2,17:36:46,SLC_517,17:37:02,NEW_SLC_504,,,,
60,340,12_340,2,13490,18:01:14,20:52:40,2:51:26,171.43,2,18:10:04,SLC_523,18:11:39,SLC_517,,,,
60,340,12_340,3,13490,18:01:14,20:52:40,2:51:26,171.43,2,18:10:14,SLC_523,18:10:47,SLC_520,,,,
61,340,12_340,2,13504,18:28:15,18:59:34,0:31:19,31.32,2,18:39:12,SLC_519,18:56:59,SLC_527,,,,
61,340,12_340,3,13504,18:28:15,18:59:34,0:31:19,31.32,2,18:35:40,NEW_SLC_511,18:39:20,SLC_519,,,,
62,398,7_398,2,13187,7:21:49,8:13:03,0:51:14,51.23,1,7:27:31,SLC_510,,,,,,
62,398,7_398,3,13187,7:21:49,8:13:03,0:51:14,51.23,1,7:27:31,SLC_510,,,,,,
63,398,7_398,2,14513,7:55:56,8:38:42,0:42:46,42.77,1,8:06:55,SLC_505,,,,,,
63,398,7_398,3,14513,7:55:56,8:38:42,0:42:46,42.77,1,7:58:39,NEW_SLC_503,,,,,,
64,398,7_398,2,13486,10:10:38,10:59:54,0:49:16,49.27,1,10:19:54,SLC_510,,,,,,
64,398,7_398,3,13486,10:10:38,10:59:54,0:49:16,49.27,1,10:19:50,SLC_510,,,,,,
65,398,7_398,2,16643,10:54:18,13:58:31,3:04:13,184.22,4,11:01:16,Utah_County_513,11:02:27,Utah_County_516,11:11:55,Utah_County_524,11:13:28,Utah_County_502
65,398,7_398,3,16643,10:54:18,13:58:31,3:04:13,184.22,4,10:58:43,NEW_Utah_County_532,11:01:11,Utah_County_513,11:02:30,Utah_County_516,11:05:16,NEW_Utah_County_533
66,398,7_398,2,12989,11:42:54,12:39:25,0:56:31,56.52,2,11:45:29,SLC_505,11:56:07,SLC_510,,,,
66,398,7_398,3,12989,11:42:54,12:39:25,0:56:31,56.52,2,11:45:34,NEW_SLC_503,11:47:34,NEW_SLC_507,,,,
67,398,7_398,2,12984,14:47:42,18:04:00,3:16:18,196.3,3,15:04:06,Utah_County_513,15:04:17,Utah_County_502,15:05:37,SLC_528,,
67,398,7_398,3,12984,14:47:42,18:04:00,3:16:18,196.3,3,15:03:50,SLC_528,15:04:06,Utah_County_513,15:04:13,Utah_County_516,,
68,398,7_398,2,13504,18:28:15,18:59:34,0:31:19,31.32,2,18:38:16,SLC_527,18:39:09,SLC_520,,,,
68,398,7_398,3,13504,18:28:15,18:59:34,0:31:19,31.32,2,18:31:28,NEW_SLC_511,18:39:02,SLC_520,,,,
69,418,11_418,2,17898,7:00:40,8:35:00,1:34:20,94.33,1,7:10:15,Utah_County_516,,,,,,
69,418,11_418,3,17898,7:00:40,8:35:00,1:34:20,94.33,1,7:10:09,Utah_County_516,,,,,,
70,418,11_418,2,16507,9:21:59,10:10:01,0:48:02,48.03,2,9:30:44,SLC_505,9:31:24,SLC_510,,,,
70,418,11_418,3,16507,9:21:59,10:10:01,0:48:02,48.03,2,9:22:49,NEW_SLC_503,9:30:48,SLC_505,,,,
71,418,11_418,2,13392,9:23:41,10:37:08,1:13:27,73.45,1,9:28:05,SLC_514,,,,,,
71,418,11_418,3,13392,9:23:41,10:37:08,1:13:27,73.45,1,9:28:06,SLC_514,,,,,,
72,418,11_418,2,16613,9:48:18,10:24:31,0:36:13,36.22,1,10:00:32,Utah_County_513,,,,,,
72,418,11_418,3,16613,9:48:18,10:24:31,0:36:13,36.22,1,9:57:58,NEW_SLC_507,,,,,,
73,418,11_418,2,16567,10:10:40,11:21:14,1:10:34,70.57,1,10:18:12,SLC_505,,,,,,
73,418,11_418,3,16567,10:10:40,11:21:14,1:10:34,70.57,1,10:18:15,SLC_505,,,,,,
74,418,11_418,2,13055,10:27:40,11:09:14,0:41:34,41.57,1,10:31:28,SLC_525,,,,,,
74,418,11_418,3,13055,10:27:40,11:09:14,0:41:34,41.57,1,10:32:57,SLC_525,,,,,,
75,418,11_418,2,17458,13:13:09,14:05:00,0:51:51,51.85,1,13:24:54,SLC_510,,,,,,
75,418,11_418,3,17458,13:13:09,14:05:00,0:51:51,51.85,1,13:24:32,NEW_SLC_503,,,,,,
76,418,11_418,2,12956,14:24:06,15:34:50,1:10:44,70.73,2,14:26:59,SLC_527,14:30:36,SLC_528,,,,
76,418,11_418,3,12956,14:24:06,15:34:50,1:10:44,70.73,2,14:27:48,SLC_527,14:31:02,SLC_528,,,,
77,418,11_418,2,13413,16:27:17,17:22:20,0:55:03,55.05,1,16:30:08,SLC_523,,,,,,
77,418,11_418,3,13413,16:27:17,17:22:20,0:55:03,55.05,1,16:30:08,SLC_523,,,,,,
78,418,11_418,2,13208,17:28:58,18:14:00,0:45:02,45.03,1,17:35:30,SLC_519,,,,,,
78,418,11_418,3,13208,17:28:58,18:14:00,0:45:02,45.03,1,17:35:25,SLC_519,,,,,,
79,418,11_418,2,16603,18:11:38,19:10:14,0:58:36,58.6,2,18:16:24,SLC_517,18:16:38,SLC_523,,,,
79,418,11_418,3,16603,18:11:38,19:10:14,0:58:36,58.6,2,18:13:30,NEW_SLC_504,18:16:39,SLC_517,,,,
80,472,12_472,2,13125,7:27:56,8:00:00,0:32:04,32.07,1,7:32:37,SLC_510,,,,,,
80,472,12_472,3,13125,7:27:56,8:00:00,0:32:04,32.07,1,7:32:37,SLC_510,,,,,,
81,472,12_472,2,17632,7:28:57,8:29:16,1:00:19,60.32,2,7:46:43,Utah_County_516,7:56:11,Utah_County_524,,,,
81,472,12_472,3,17632,7:28:57,8:29:16,1:00:19,60.32,2,7:41:08,Utah_County_516,7:47:57,NEW_SLC_507,,,,
82,472,12_472,2,13246,7:43:31,8:41:51,0:58:20,58.33,3,8:03:28,SLC_505,8:05:00,SLC_514,8:09:00,SLC_525,,
82,472,12_472,3,13246,7:43:31,8:41:51,0:58:20,58.33,3,7:53:31,NEW_SLC_503,8:00:27,NEW_SLC_509,8:05:30,SLC_505,,
83,472,12_472,2,13499,7:45:46,9:08:56,1:23:10,83.17,2,8:04:36,Davis_512,8:17:00,Davis_506,,,,
83,472,12_472,3,13499,7:45:46,9:08:56,1:23:10,83.17,2,7:58:51,SLC_525,7:59:28,SLC_514,,,,
84,472,12_472,2,16583,7:49:24,8:19:40,0:30:16,30.27,2,8:12:34,SLC_510,9:21:15,SLC_505,,,,
84,472,12_472,3,16583,7:49:24,8:19:40,0:30:16,30.27,2,8:09:01,Davis_512,8:21:18,Davis_506,,,,
85,472,12_472,2,12956,8:10:02,9:47:40,1:37:38,97.63,3,8:37:52,SLC_510,8:57:40,SLC_514,9:35:50,SLC_505,,
85,472,12_472,3,12956,8:10:02,9:47:40,1:37:38,97.63,3,8:22:45,SLC_510,8:56:04,Utah_County_524,8:58:18,SLC_505,,
86,472,12_472,2,12982,8:40:38,9:38:22,0:57:44,57.73,2,8:47:49,Utah_County_516,8:48:08,Utah_County_524,,,,
86,472,12_472,3,12982,8:40:38,9:38:22,0:57:44,57.73,2,8:49:33,NEW_SLC_507,8:49:52,Utah_County_516,,,,
87,472,12_472,2,16652,8:44:13,9:14:42,0:30:29,30.48,2,10:10:08,SLC_510,10:32:23,SLC_505,,,,
87,472,12_472,3,16652,8:44:13,9:14:42,0:30:29,30.48,2,9:19:32,Davis_512,9:19:51,Davis_506,,,,
88,472,12_472,2,18310,9:24:37,10:17:50,0:53:13,53.22,2,9:46:26,SLC_525,9:50:11,Davis_506,,,,
88,472,12_472,3,18310,9:24:37,10:17:50,0:53:13,53.22,2,9:38:47,Davis_512,9:39:01,Davis_506,,,,
89,472,12_472,2,13244,9:24:48,10:08:16,0:43:28,43.47,1,9:32:39,Davis_512,,,,,,
89,472,12_472,3,13244,9:24:48,10:08:16,0:43:28,43.47,1,9:28:30,NEW_SLC_503,,,,,,
90,472,12_472,2,13194,11:43:13,12:08:00,0:24:47,24.78,1,11:55:01,SLC_514,,,,,,
90,472,12_472,3,13194,11:43:13,12:08:00,0:24:47,24.78,1,11:49:16,SLC_514,,,,,,
91,472,12_472,2,13416,13:54:11,14:43:01,0:48:50,48.83,1,14:00:56,Davis_518,,,,,,
91,472,12_472,3,13416,13:54:11,14:43:01,0:48:50,48.83,1,14:01:18,Davis_518,,,,,,
92,472,12_472,2,13467,14:33:01,16:07:02,1:34:01,94.02,2,14:33:30,Utah_County_516,14:33:31,Utah_County_524,,,,
92,472,12_472,3,13467,14:33:01,16:07:02,1:34:01,94.02,2,14:33:30,Utah_County_516,14:39:59,Utah_County_524,,,,
93,472,12_472,2,14513,15:10:17,15:43:24,0:33:07,33.12,1,15:12:49,SLC_527,,,,,,
93,472,12_472,3,14513,15:10:17,15:43:24,0:33:07,33.12,1,15:12:30,SLC_527,,,,,,
94,472,12_472,2,18234,15:42:48,16:51:40,1:08:52,68.87,1,15:45:42,Utah_County_513,,,,,,
94,472,12_472,3,18234,15:42:48,16:51:40,1:08:52,68.87,1,15:45:41,Utah_County_513,,,,,,
95,472,12_472,2,18259,15:47:55,16:24:14,0:36:19,36.32,1,16:06:05,SLC_527,,,,,,
95,472,12_472,3,18259,15:47:55,16:24:14,0:36:19,36.32,1,15:50:53,NEW_Utah_County_532,,,,,,
96,472,12_472,2,13014,16:27:47,17:47:00,1:19:13,79.22,1,16:36:39,SLC_517,,,,,,
96,472,12_472,3,13014,16:27:47,17:47:00,1:19:13,79.22,1,16:34:34,NEW_SLC_508,,,,,,
97,472,12_472,2,16603,16:28:57,16:57:03,0:28:06,28.1,1,16:32:51,SLC_523,,,,,,
97,472,12_472,3,16603,16:28:57,16:57:03,0:28:06,28.1,1,16:30:51,NEW_SLC_504,,,,,,
98,472,12_472,2,12973,16:36:59,18:01:40,1:24:41,84.68,1,16:50:54,SLC_528,,,,,,
98,472,12_472,3,12973,16:36:59,18:01:40,1:24:41,84.68,1,16:53:38,SLC_527,,,,,,
99,472,12_472,2,13464,17:34:22,19:38:00,2:03:38,123.63,1,17:45:12,Utah_County_513,,,,,,
99,472,12_472,3,13464,17:34:22,19:38:00,2:03:38,123.63,1,17:45:00,Utah_County_513,,,,,,
100,472,12_472,2,13477,17:35:29,19:08:02,1:32:33,92.55,2,17:45:39,SLC_520,17:46:33,Davis_529,,,,
100,472,12_472,3,13477,17:35:29,19:08:02,1:32:33,92.55,2,17:44:21,SLC_517,17:45:03,SLC_523,,,,
101,499,18_499,2,19060,6:50:18,7:40:15,0:49:57,49.95,1,6:58:46,Utah_County_524,,,,,,
101,499,18_499,3,19060,6:50:18,7:40:15,0:49:57,49.95,1,6:59:01,Utah_County_524,,,,,,
102,499,18_499,2,17894,6:51:36,8:02:20,1:10:44,70.73,2,7:00:59,Utah_County_516,7:13:51,SLC_510,,,,
102,499,18_499,3,17894,6:51:36,8:02:20,1:10:44,70.73,2,7:00:56,Utah_County_516,7:11:05,NEW_SLC_507,,,,
103,499,18_499,2,13143,7:17:11,8:52:23,1:35:12,95.2,1,7:26:59,SLC_505,,,,,,
103,499,18_499,3,13143,7:17:11,8:52:23,1:35:12,95.2,1,7:22:50,SLC_510,,,,,,
104,499,18_499,2,17130,7:43:29,8:23:36,0:40:07,40.12,1,7:52:36,Utah_County_524,,,,,,
104,499,18_499,3,17130,7:43:29,8:23:36,0:40:07,40.12,1,7:52:38,Utah_County_524,,,,,,
105,499,18_499,2,19698,7:59:18,9:07:51,1:08:33,68.55,2,8:36:40,SLC_514,8:40:39,SLC_525,,,,
105,499,18_499,3,19698,7:59:18,9:07:51,1:08:33,68.55,2,8:28:02,NEW_SLC_503,8:34:17,NEW_SLC_509,,,,
106,499,18_499,2,18310,7:59:26,8:54:00,0:54:34,54.57,1,8:42:05,Davis_512,,,,,,
106,499,18_499,3,18310,7:59:26,8:54:00,0:54:34,54.57,1,8:32:35,SLC_505,,,,,,
107,499,18_499,2,19733,8:33:44,9:42:08,1:08:24,68.4,2,8:42:25,Utah_County_524,8:47:51,SLC_510,,,,
107,499,18_499,3,19733,8:33:44,9:42:08,1:08:24,68.4,2,8:42:25,Utah_County_524,8:48:44,NEW_SLC_507,,,,
108,499,18_499,2,13467,8:36:28,9:52:27,1:15:59,75.98,1,8:48:32,Utah_County_516,,,,,,
108,499,18_499,3,13467,8:36:28,9:52:27,1:15:59,75.98,1,8:48:25,Utah_County_516,,,,,,
109,499,18_499,2,16583,8:48:41,9:22:55,0:34:14,34.23,1,9:19:34,Davis_506,,,,,,
109,499,18_499,3,16583,8:48:41,9:22:55,0:34:14,34.23,1,8:59:35,SLC_514,,,,,,
110,499,18_499,2,16613,9:48:18,10:24:31,0:36:13,36.22,1,10:00:34,Utah_County_513,,,,,,
110,499,18_499,3,16613,9:48:18,10:24:31,0:36:13,36.22,1,10:00:37,Utah_County_513,,,,,,
111,499,18_499,2,14512,12:50:36,15:07:07,2:16:31,136.52,2,12:59:39,Davis_506,13:00:37,SLC_505,,,,
111,499,18_499,3,14512,12:50:36,15:07:07,2:16:31,136.52,2,12:59:16,SLC_525,13:00:01,SLC_514,,,,
112,499,18_499,2,13425,15:07:43,16:37:56,1:30:13,90.22,1,15:12:18,SLC_523,,,,,,
112,499,18_499,3,13425,15:07:43,16:37:56,1:30:13,90.22,1,15:12:18,SLC_523,,,,,,
113,499,18_499,2,13016,15:29:22,16:44:00,1:14:38,74.63,1,15:39:24,SLC_517,,,,,,
113,499,18_499,3,13016,15:29:22,16:44:00,1:14:38,74.63,1,15:34:59,NEW_SLC_508,,,,,,
114,499,18_499,2,13461,15:29:29,15:58:20,0:28:51,28.85,1,15:39:54,Utah_County_516,,,,,,
114,499,18_499,3,13461,15:29:29,15:58:20,0:28:51,28.85,1,15:38:33,Utah_County_516,,,,,,
115,499,18_499,2,13073,16:24:36,17:29:33,1:04:57,64.95,2,16:25:18,SLC_519,16:35:11,SLC_520,,,,
115,499,18_499,3,13073,16:24:36,17:29:33,1:04:57,64.95,2,16:25:18,SLC_519,16:34:15,NEW_SLC_511,,,,
116,499,18_499,2,12919,16:45:28,16:58:08,0:12:40,12.67,1,16:48:11,SLC_523,,,,,,
116,499,18_499,3,12919,16:45:28,16:58:08,0:12:40,12.67,1,16:48:10,SLC_523,,,,,,
117,499,18_499,2,12982,18:04:36,18:50:37,0:46:01,46.02,1,18:27:09,SLC_528,,,,,,
117,499,18_499,3,12982,18:04:36,18:50:37,0:46:01,46.02,1,18:15:37,SLC_528,,,,,,
118,518,10_518,2,13187,7:21:49,8:13:03,0:51:14,51.23,1,7:27:31,SLC_510,,,,,,
118,518,10_518,3,13187,7:21:49,8:13:03,0:51:14,51.23,1,7:27:31,SLC_510,,,,,,
119,518,10_518,2,12959,7:54:36,8:37:29,0:42:53,42.88,2,8:12:17,Utah_County_516,8:18:33,SLC_505,,,,
119,518,10_518,3,12959,7:54:36,8:37:29,0:42:53,42.88,2,8:04:03,NEW_SLC_507,8:09:15,NEW_SLC_503,,,,
120,518,10_518,2,13461,7:58:34,8:21:07,0:22:33,22.55,1,8:24:52,SLC_514,,,,,,
120,518,10_518,3,13461,7:58:34,8:21:07,0:22:33,22.55,1,8:14:38,NEW_SLC_509,,,,,,
121,518,10_518,2,14512,8:04:01,9:19:25,1:15:24,75.4,2,8:14:20,SLC_525,8:18:35,Davis_512,,,,
121,518,10_518,3,14512,8:04:01,9:19:25,1:15:24,75.4,2,8:09:28,SLC_505,8:10:56,SLC_514,,,,
122,518,10_518,2,12956,8:10:02,9:47:40,1:37:38,97.63,3,8:41:51,Utah_County_524,8:43:51,Davis_506,8:49:26,SLC_505,,
122,518,10_518,3,12956,8:10:02,9:47:40,1:37:38,97.63,3,8:24:48,SLC_525,8:30:52,Davis_512,8:32:05,Utah_County_516,,
123,518,10_518,2,12989,11:42:54,12:39:25,0:56:31,56.52,2,11:44:45,Davis_506,11:44:46,SLC_505,,,,
123,518,10_518,3,12989,11:42:54,12:39:25,0:56:31,56.52,2,11:44:45,SLC_525,11:44:46,Davis_512,,,,
124,518,10_518,2,18234,14:18:57,15:26:00,1:07:03,67.05,2,14:21:50,Utah_County_513,14:31:32,SLC_514,,,,
124,518,10_518,3,18234,14:18:57,15:26:00,1:07:03,67.05,2,14:21:50,Utah_County_513,14:24:57,NEW_Utah_County_532,,,,
125,518,10_518,2,18249,15:25:22,16:56:49,1:31:27,91.45,1,15:41:58,Utah_County_516,,,,,,
125,518,10_518,3,18249,15:25:22,16:56:49,1:31:27,91.45,1,15:33:57,NEW_Utah_County_533,,,,,,
126,518,10_518,2,19698,17:01:02,17:56:00,0:54:58,54.97,1,17:09:39,Utah_County_502,,,,,,
126,518,10_518,3,19698,17:01:02,17:56:00,0:54:58,54.97,1,17:09:53,Utah_County_502,,,,,,
127,518,10_518,2,18259,17:40:52,19:07:22,1:26:30,86.5,3,17:41:49,Utah_County_513,18:21:24,SLC_528,18:44:40,SLC_527,,
127,518,10_518,3,18259,17:40:52,19:07:22,1:26:30,86.5,3,17:41:49,Utah_County_513,17:41:50,NEW_Utah_County_532,17:46:43,NEW_Utah_County_533,,
128,584,20_584,2,13467,7:24:41,8:59:15,1:34:34,94.57,1,7:41:31,SLC_510,,,,,,
128,584,20_584,3,13467,7:24:41,8:59:15,1:34:34,94.57,1,9:01:48,NEW_SLC_507,,,,,,
129,584,20_584,2,18310,7:52:47,8:34:28,0:41:41,41.68,1,7:56:12,Utah_County_516,,,,,,
129,584,20_584,3,18310,7:52:47,8:34:28,0:41:41,41.68,1,7:56:16,Utah_County_516,,,,,,
130,584,20_584,2,13208,8:49:59,9:28:48,0:38:49,38.82,2,8:56:11,SLC_505,9:01:31,SLC_514,,,,
130,584,20_584,3,13208,8:49:59,9:28:48,0:38:49,38.82,2,8:56:10,SLC_505,8:56:44,NEW_SLC_509,,,,
131,584,20_584,2,13388,8:56:27,10:04:13,1:07:46,67.77,1,9:04:05,Davis_512,,,,,,
131,584,20_584,3,13388,8:56:27,10:04:13,1:07:46,67.77,1,9:03:58,Davis_512,,,,,,
132,584,20_584,2,13390,9:35:04,10:26:00,0:50:56,50.93,1,9:39:12,Davis_518,,,,,,
132,584,20_584,3,13390,9:35:04,10:26:00,0:50:56,50.93,1,9:38:41,Davis_518,,,,,,
133,584,20_584,2,13244,10:50:59,11:49:42,0:58:43,58.72,1,11:03:24,SLC_510,,,,,,
133,584,20_584,3,13244,10:50:59,11:49:42,0:58:43,58.72,1,10:57:36,NEW_SLC_503,,,,,,
134,584,20_584,2,13413,11:41:15,12:24:00,0:42:45,42.75,1,11:43:57,Davis_518,,,,,,
134,584,20_584,3,13413,11:41:15,12:24:00,0:42:45,42.75,1,11:43:57,Davis_518,,,,,,
135,584,20_584,2,16560,12:58:48,14:07:10,1:08:22,68.37,2,13:02:28,SLC_510,13:11:48,Utah_County_513,,,,
135,584,20_584,3,16560,12:58:48,14:07:10,1:08:22,68.37,2,13:02:41,NEW_SLC_503,13:10:33,NEW_SLC_507,,,,
136,584,20_584,2,17496,13:28:48,14:25:19,0:56:31,56.52,2,13:39:18,Utah_County_516,13:49:20,Davis_518,,,,
136,584,20_584,3,17496,13:28:48,14:25:19,0:56:31,56.52,2,13:36:21,Utah_County_513,13:38:53,NEW_Utah_County_532,,,,
137,584,20_584,2,16613,15:23:21,16:12:37,0:49:16,49.27,2,15:34:10,SLC_528,15:35:14,SLC_527,,,,
137,584,20_584,3,16613,15:23:21,16:12:37,0:49:16,49.27,2,15:34:48,SLC_527,15:38:49,SLC_528,,,,
138,584,20_584,2,13072,15:26:16,16:47:26,1:21:10,81.17,1,15:29:27,SLC_519,,,,,,
138,584,20_584,3,13072,15:26:16,16:47:26,1:21:10,81.17,1,15:29:27,SLC_519,,,,,,
139,584,20_584,2,13007,15:31:24,16:45:00,1:13:36,73.6,1,15:31:54,SLC_520,,,,,,
139,584,20_584,3,13007,15:31:24,16:45:00,1:13:36,73.6,1,15:31:54,SLC_520,,,,,,
140,584,20_584,2,24911,15:54:31,16:28:02,0:33:31,33.52,1,16:09:40,Davis_518,,,,,,
140,584,20_584,3,24911,15:54:31,16:28:02,0:33:31,33.52,1,16:09:55,Utah_County_513,,,,,,
141,584,20_584,2,18523,16:07:57,17:19:32,1:11:35,71.58,1,16:17:11,Utah_County_516,,,,,,
141,584,20_584,3,18523,16:07:57,17:19:32,1:11:35,71.58,1,16:13:30,Utah_County_516,,,,,,
142,584,20_584,2,25173,16:18:55,16:54:32,0:35:37,35.62,3,16:23:23,Utah_County_524,16:24:53,Utah_County_502,16:32:32,Utah_County_521,,
142,584,20_584,3,25173,16:18:55,16:54:32,0:35:37,35.62,3,16:23:25,Utah_County_524,16:24:53,Utah_County_502,16:30:57,NEW_Utah_County_533,,
143,584,20_584,2,13119,16:41:15,18:52:11,2:10:56,130.93,1,16:50:38,SLC_517,,,,,,
143,584,20_584,3,13119,16:41:15,18:52:11,2:10:56,130.93,1,16:43:18,NEW_SLC_508,,,,,,
144,584,20_584,2,12931,17:24:00,17:49:54,0:25:54,25.9,1,17:30:43,Utah_County_513,,,,,,
144,584,20_584,3,12931,17:24:00,17:49:54,0:25:54,25.9,1,17:29:39,NEW_SLC_511,,,,,,
145,584,20_584,2,13018,17:27:04,18:37:49,1:10:45,70.75,2,17:37:24,SLC_520,17:38:36,SLC_523,,,,
145,584,20_584,3,13018,17:27:04,18:37:49,1:10:45,70.75,2,17:36:55,Davis_518,17:37:38,SLC_517,,,,
146,584,20_584,2,12816,17:28:22,17:58:07,0:29:45,29.75,1,17:37:41,Davis_529,,,,,,
146,584,20_584,3,12816,17:28:22,17:58:07,0:29:45,29.75,1,17:31:52,NEW_SLC_504,,,,,,
147,584,20_584,2,12942,18:58:03,20:21:27,1:23:24,83.4,1,19:39:29,Utah_County_513,,,,,,
147,584,20_584,3,12942,18:58:03,20:21:27,1:23:24,83.4,1,20:47:40,NEW_SLC_511,,,,,,
148,637,19_637,2,17130,7:43:29,8:23:36,0:40:07,40.12,1,7:50:20,Utah_County_524,,,,,,
148,637,19_637,3,17130,7:43:29,8:23:36,0:40:07,40.12,1,7:50:22,Utah_County_524,,,,,,
149,637,19_637,2,13070,8:43:36,9:16:53,0:33:17,33.28,1,8:44:33,SLC_505,,,,,,
149,637,19_637,3,13070,8:43:36,9:16:53,0:33:17,33.28,1,8:44:35,SLC_505,,,,,,
150,637,19_637,2,16572,11:13:41,12:49:45,1:36:04,96.07,2,11:26:09,SLC_510,11:27:46,SLC_505,,,,
150,637,19_637,3,16572,11:13:41,12:49:45,1:36:04,96.07,2,11:20:00,NEW_SLC_503,11:21:05,NEW_SLC_507,,,,
151,637,19_637,2,13194,11:43:13,12:08:00,0:24:47,24.78,1,11:58:12,SLC_514,,,,,,
151,637,19_637,3,13194,11:43:13,12:08:00,0:24:47,24.78,1,11:46:12,NEW_SLC_509,,,,,,
152,637,19_637,2,12956,12:27:21,13:34:00,1:06:39,66.65,1,12:41:46,SLC_525,,,,,,
152,637,19_637,3,12956,12:27:21,13:34:00,1:06:39,66.65,1,12:36:25,SLC_510,,,,,,
153,637,19_637,2,18779,13:13:08,14:32:15,1:19:07,79.12,1,13:16:39,Utah_County_524,,,,,,
153,637,19_637,3,18779,13:13:08,14:32:15,1:19:07,79.12,1,13:16:40,Utah_County_524,,,,,,
154,637,19_637,2,16613,13:37:04,15:03:51,1:26:47,86.78,2,13:45:44,SLC_525,13:49:33,Utah_County_513,,,,
154,637,19_637,3,16613,13:37:04,15:03:51,1:26:47,86.78,2,13:45:35,SLC_510,13:49:21,Utah_County_513,,,,
155,637,19_637,2,12919,13:52:20,15:11:00,1:18:40,78.67,2,13:56:35,SLC_510,13:56:43,SLC_505,,,,
155,637,19_637,3,12919,13:52:20,15:11:00,1:18:40,78.67,2,13:56:36,NEW_SLC_503,13:56:41,NEW_SLC_507,,,,
156,637,19_637,2,18234,14:18:57,15:26:00,1:07:03,67.05,2,14:28:44,Utah_County_516,14:35:54,SLC_528,,,,
156,637,19_637,3,18234,14:18:57,15:26:00,1:07:03,67.05,2,14:24:58,NEW_Utah_County_532,14:28:47,Utah_County_516,,,,
157,637,19_637,2,13208,15:18:06,17:17:25,1:59:19,119.32,1,15:24:17,SLC_519,,,,,,
157,637,19_637,3,13208,15:18:06,17:17:25,1:59:19,119.32,1,15:24:14,SLC_519,,,,,,
158,637,19_637,2,12982,15:24:37,16:44:41,1:20:04,80.07,4,15:34:07,SLC_527,15:35:00,Utah_County_513,15:40:54,SLC_520,15:44:38,SLC_523
158,637,19_637,3,12982,15:24:37,16:44:41,1:20:04,80.07,4,15:32:42,SLC_528,15:34:10,SLC_527,15:35:01,Utah_County_513,15:39:29,NEW_SLC_511
159,637,19_637,2,16583,15:38:58,16:00:55,0:21:57,21.95,1,15:51:08,SLC_517,,,,,,
159,637,19_637,3,16583,15:38:58,16:00:55,0:21:57,21.95,1,15:47:44,SLC_520,,,,,,
160,637,19_637,2,13187,16:16:18,16:49:00,0:32:42,32.7,1,16:25:36,SLC_517,,,,,,
160,637,19_637,3,13187,16:16:18,16:49:00,0:32:42,32.7,1,16:17:57,NEW_SLC_508,,,,,,
161,637,19_637,2,16603,16:28:57,16:57:03,0:28:06,28.1,1,16:37:32,Davis_518,,,,,,
161,637,19_637,3,16603,16:28:57,16:57:03,0:28:06,28.1,1,16:30:49,NEW_SLC_504,,,,,,
162,637,19_637,2,12840,17:08:31,18:09:37,1:01:06,61.1,1,17:12:17,SLC_517,,,,,,
162,637,19_637,3,12840,17:08:31,18:09:37,1:01:06,61.1,1,17:11:24,SLC_523,,,,,,
163,637,19_637,2,12920,17:24:03,17:49:00,0:24:57,24.95,1,17:30:53,SLC_519,,,,,,
163,637,19_637,3,12920,17:24:03,17:49:00,0:24:57,24.95,1,17:30:54,SLC_519,,,,,,
164,637,19_637,2,19328,17:36:01,18:28:35,0:52:34,52.57,1,17:45:06,SLC_528,,,,,,
164,637,19_637,3,19328,17:36:01,18:28:35,0:52:34,52.57,1,17:41:17,NEW_Utah_County_533,,,,,,
165,637,19_637,2,17894,17:45:29,19:08:46,1:23:17,83.28,1,17:52:43,SLC_520,,,,,,
165,637,19_637,3,17894,17:45:29,19:08:46,1:23:17,83.28,1,17:51:09,NEW_Utah_County_532,,,,,,
166,637,19_637,2,18259,17:46:01,18:48:03,1:02:02,62.03,2,17:56:08,SLC_527,17:56:18,SLC_523,,,,
166,637,19_637,3,18259,17:46:01,18:48:03,1:02:02,62.03,2,18:02:23,SLC_528,18:02:36,SLC_527,,,,
167,723,4_723,2,13394,16:35:25,17:36:13,1:00:48,60.8,1,16:38:05,SLC_523,,,,,,
167,723,4_723,3,13394,16:35:25,17:36:13,1:00:48,60.8,1,16:36:23,NEW_SLC_504,,,,,,
168,723,4_723,2,12931,17:24:00,17:49:54,0:25:54,25.9,1,17:34:24,SLC_520,,,,,,
168,723,4_723,3,12931,17:24:00,17:49:54,0:25:54,25.9,1,17:29:45,NEW_SLC_511,,,,,,
169,723,4_723,2,12899,17:24:18,18:15:41,0:51:23,51.38,1,17:27:23,SLC_519,,,,,,
169,723,4_723,3,12899,17:24:18,18:15:41,0:51:23,51.38,1,17:27:23,SLC_519,,,,,,
170,723,4_723,2,13194,19:31:16,20:31:08,0:59:52,59.87,2,19:45:09,SLC_520,22:04:28,SLC_527,,,,
170,723,4_723,3,13194,19:31:16,20:31:08,0:59:52,59.87,2,19:41:33,SLC_520,20:01:40,NEW_SLC_511,,,,
171,790,11_790,2,13208,6:39:40,7:45:57,1:06:17,66.28,1,6:45:52,SLC_505,,,,,,
171,790,11_790,3,13208,6:39:40,7:45:57,1:06:17,66.28,1,6:45:53,SLC_505,,,,,,
172,790,11_790,2,13065,7:51:07,8:51:01,0:59:54,59.9,2,7:54:45,SLC_505,8:00:11,SLC_514,,,,
172,790,11_790,3,13065,7:51:07,8:51:01,0:59:54,59.9,2,7:54:46,SLC_505,8:00:26,SLC_514,,,,
173,790,11_790,2,13416,9:00:05,9:36:23,0:36:18,36.3,2,9:06:50,SLC_505,9:07:01,SLC_525,,,,
173,790,11_790,3,13416,9:00:05,9:36:23,0:36:18,36.3,2,9:05:28,SLC_525,9:06:49,SLC_505,,,,
174,790,11_790,2,18779,13:13:08,14:32:15,1:19:07,79.12,1,13:16:42,Utah_County_516,,,,,,
174,790,11_790,3,18779,13:13:08,14:32:15,1:19:07,79.12,1,13:16:39,NEW_Utah_County_533,,,,,,
175,790,11_790,2,13243,15:12:48,16:31:54,1:19:06,79.1,1,15:16:01,SLC_528,,,,,,
175,790,11_790,3,13243,15:12:48,16:31:54,1:19:06,79.1,1,15:15:43,SLC_528,,,,,,
176,790,11_790,2,12978,15:33:35,16:42:38,1:09:03,69.05,1,15:41:50,SLC_527,,,,,,
176,790,11_790,3,12978,15:33:35,16:42:38,1:09:03,69.05,1,15:42:15,SLC_527,,,,,,
177,790,11_790,2,13104,15:33:49,17:18:58,1:45:09,105.15,1,15:41:56,SLC_517,,,,,,
177,790,11_790,3,13104,15:33:49,17:18:58,1:45:09,105.15,1,15:38:42,NEW_SLC_508,,,,,,
178,790,11_790,2,12920,16:54:20,18:28:06,1:33:46,93.77,1,16:58:59,SLC_519,,,,,,
178,790,11_790,3,12920,16:54:20,18:28:06,1:33:46,93.77,1,16:58:59,SLC_519,,,,,,
179,790,11_790,2,13464,17:08:22,18:14:28,1:06:06,66.1,1,17:16:42,Utah_County_513,,,,,,
179,790,11_790,3,13464,17:08:22,18:14:28,1:06:06,66.1,1,17:16:58,Utah_County_513,,,,,,
180,790,11_790,2,18523,19:51:31,20:28:30,0:36:59,36.98,1,20:06:29,SLC_527,,,,,,
180,790,11_790,3,18523,19:51:31,20:28:30,0:36:59,36.98,1,19:56:29,NEW_Utah_County_532,,,,,,
181,847,11_847,2,16752,8:25:44,10:01:37,1:35:53,95.88,2,8:30:06,SLC_525,8:37:03,SLC_510,,,,
181,847,11_847,3,16752,8:25:44,10:01:37,1:35:53,95.88,2,8:27:16,SLC_525,8:35:23,NEW_SLC_509,,,,
182,847,11_847,2,18249,9:23:54,10:08:11,0:44:17,44.28,2,9:29:48,Utah_County_516,9:39:08,Utah_County_524,,,,
182,847,11_847,3,18249,9:23:54,10:08:11,0:44:17,44.28,2,9:29:43,Utah_County_516,9:39:15,Utah_County_524,,,,
183,847,11_847,2,13244,9:24:48,10:08:16,0:43:28,43.47,1,9:38:41,SLC_505,,,,,,
183,847,11_847,3,13244,9:24:48,10:08:16,0:43:28,43.47,1,9:28:50,NEW_SLC_507,,,,,,
184,847,11_847,2,12796,11:01:25,12:07:54,1:06:29,66.48,1,11:07:35,Davis_512,,,,,,
184,847,11_847,3,12796,11:01:25,12:07:54,1:06:29,66.48,1,11:07:35,Davis_512,,,,,,
185,847,11_847,2,14513,12:59:15,14:29:05,1:29:50,89.83,2,13:08:46,SLC_505,13:11:12,SLC_514,,,,
185,847,11_847,3,14513,12:59:15,14:29:05,1:29:50,89.83,2,13:01:27,NEW_SLC_503,13:07:33,SLC_510,,,,
186,847,11_847,2,8944,13:59:07,15:15:19,1:16:12,76.2,2,14:12:29,Utah_County_513,14:13:00,Utah_County_516,,,,
186,847,11_847,3,8944,13:59:07,15:15:19,1:16:12,76.2,2,14:03:13,NEW_SLC_507,14:12:26,Utah_County_513,,,,
187,847,11_847,2,20770,14:19:30,15:30:15,1:10:45,70.75,2,14:22:30,Utah_County_524,14:35:27,SLC_528,,,,
187,847,11_847,3,20770,14:19:30,15:30:15,1:10:45,70.75,2,14:22:30,Utah_County_516,14:22:37,Utah_County_524,,,,
188,847,11_847,2,18234,14:57:42,15:56:07,0:58:25,58.42,1,15:16:09,SLC_527,,,,,,
188,847,11_847,3,18234,14:57:42,15:56:07,0:58:25,58.42,1,15:03:45,NEW_Utah_County_532,,,,,,
189,847,11_847,2,12956,15:01:06,16:05:41,1:04:35,64.58,1,15:10:19,SLC_520,,,,,,
189,847,11_847,3,12956,15:01:06,16:05:41,1:04:35,64.58,1,15:04:06,SLC_527,,,,,,
190,847,11_847,2,12926,15:13:32,16:28:13,1:14:41,74.68,1,15:20:08,SLC_519,,,,,,
190,847,11_847,3,12926,15:13:32,16:28:13,1:14:41,74.68,1,15:20:31,SLC_519,,,,,,
191,847,11_847,2,13187,16:16:18,16:49:00,0:32:42,32.7,1,16:24:47,SLC_517,,,,,,
191,847,11_847,3,13187,16:16:18,16:49:00,0:32:42,32.7,1,16:17:57,NEW_SLC_508,,,,,,
192,879,19_879,2,17632,7:28:57,8:29:16,1:00:19,60.32,2,7:43:39,Utah_County_516,7:51:24,Utah_County_524,,,,
192,879,19_879,3,17632,7:28:57,8:29:16,1:00:19,60.32,2,7:40:36,Utah_County_516,7:58:15,NEW_SLC_507,,,,
193,879,19_879,2,24911,7:54:37,9:31:00,1:36:23,96.38,3,8:14:38,SLC_510,8:15:14,SLC_505,8:17:05,SLC_514,,
193,879,19_879,3,24911,7:54:37,9:31:00,1:36:23,96.38,3,8:07:25,NEW_SLC_503,8:12:25,NEW_SLC_509,8:13:26,SLC_510,,
194,879,19_879,2,12956,8:10:02,9:47:40,1:37:38,97.63,3,8:25:10,SLC_525,8:30:16,Davis_512,8:44:43,Davis_506,,
194,879,19_879,3,12956,8:10:02,9:47:40,1:37:38,97.63,3,8:21:20,SLC_505,8:22:51,SLC_514,8:24:18,SLC_525,,
195,879,19_879,2,13467,8:36:28,9:52:27,1:15:59,75.98,1,8:44:11,Utah_County_516,,,,,,
195,879,19_879,3,13467,8:36:28,9:52:27,1:15:59,75.98,1,8:56:44,Utah_County_516,,,,,,
196,879,19_879,2,18310,9:24:37,10:17:50,0:53:13,53.22,2,9:36:45,Utah_County_524,10:01:30,Davis_518,,,,
196,879,19_879,3,18310,9:24:37,10:17:50,0:53:13,53.22,2,9:36:30,NEW_SLC_507,9:37:32,Utah_County_524,,,,
197,879,19_879,2,18356,10:57:25,11:42:41,0:45:16,45.27,2,11:01:15,Utah_County_524,11:01:24,Davis_518,,,,
197,879,19_879,3,18356,10:57:25,11:42:41,0:45:16,45.27,2,11:00:45,NEW_Utah_County_532,11:01:16,NEW_SLC_507,,,,
198,879,19_879,2,16809,11:41:42,12:35:26,0:53:44,53.73,1,11:54:34,SLC_525,,,,,,
198,879,19_879,3,16809,11:41:42,12:35:26,0:53:44,53.73,1,11:54:21,SLC_505,,,,,,
199,879,19_879,2,18779,13:13:08,14:32:15,1:19:07,79.12,1,13:17:09,Davis_518,,,,,,
199,879,19_879,3,18779,13:13:08,14:32:15,1:19:07,79.12,1,13:16:43,NEW_Utah_County_533,,,,,,
200,879,19_879,2,20454,14:37:35,18:09:52,3:32:17,212.28,3,14:43:07,Utah_County_502,14:45:07,Utah_County_521,14:50:39,Davis_518,,
200,879,19_879,3,20454,14:37:35,18:09:52,3:32:17,212.28,3,14:43:07,Utah_County_502,14:45:03,Utah_County_521,14:50:45,NEW_Utah_County_533,,
201,879,19_879,2,13461,15:29:29,15:58:20,0:28:51,28.85,1,15:40:26,Utah_County_516,,,,,,
201,879,19_879,3,13461,15:29:29,15:58:20,0:28:51,28.85,1,15:39:04,Utah_County_516,,,,,,
202,879,19_879,2,13508,15:34:47,16:34:37,0:59:50,59.83,2,15:44:39,SLC_520,15:45:49,SLC_527,,,,
202,879,19_879,3,13508,15:34:47,16:34:37,0:59:50,59.83,2,15:37:05,NEW_SLC_511,15:43:52,SLC_520,,,,
203,879,19_879,2,13170,16:26:39,18:20:39,1:54:00,114,2,16:36:43,SLC_519,16:39:55,SLC_528,,,,
203,879,19_879,3,13170,16:26:39,18:20:39,1:54:00,114,2,16:36:25,SLC_528,16:42:43,SLC_527,,,,
204,879,19_879,2,14513,16:44:39,17:53:00,1:08:21,68.35,1,16:51:18,SLC_520,,,,,,
204,879,19_879,3,14513,16:44:39,17:53:00,1:08:21,68.35,1,16:49:43,SLC_520,,,,,,
205,879,19_879,2,12941,16:47:18,18:04:38,1:17:20,77.33,2,16:54:08,SLC_527,16:56:41,SLC_523,,,,
205,879,19_879,3,12941,16:47:18,18:04:38,1:17:20,77.33,2,16:52:21,NEW_SLC_511,16:55:20,SLC_519,,,,
206,879,19_879,2,13188,16:47:32,18:01:00,1:13:28,73.47,1,16:55:01,SLC_517,,,,,,
206,879,19_879,3,13188,16:47:32,18:01:00,1:13:28,73.47,1,16:50:05,NEW_SLC_508,,,,,,
207,879,19_879,2,13460,17:43:46,18:57:52,1:14:06,74.1,1,17:55:11,Utah_County_513,,,,,,
207,879,19_879,3,13460,17:43:46,18:57:52,1:14:06,74.1,1,17:55:43,Utah_County_513,,,,,,
208,879,19_879,2,18277,19:05:53,19:24:17,0:18:24,18.4,1,19:18:22,Utah_County_513,,,,,,
208,879,19_879,3,18277,19:05:53,19:24:17,0:18:24,18.4,1,19:13:24,NEW_Utah_County_532,,,,,,
209,879,19_879,2,12972,20:39:55,21:16:39,0:36:44,36.73,4,21:19:05,SLC_520,21:27:52,SLC_519,21:30:56,SLC_523,21:31:10,SLC_527
209,879,19_879,3,12972,20:39:55,21:16:39,0:36:44,36.73,4,21:32:13,SLC_520,21:38:04,SLC_527,21:58:06,SLC_519,21:58:51,NEW_SLC_511
210,886,5_886,2,16560,7:50:44,8:28:03,0:37:19,37.32,1,8:07:03,SLC_510,,,,,,
210,886,5_886,3,16560,7:50:44,8:28:03,0:37:19,37.32,1,8:36:46,NEW_SLC_507,,,,,,
211,886,5_886,2,16752,8:25:44,10:01:37,1:35:53,95.88,2,8:26:48,SLC_525,8:37:05,SLC_505,,,,
211,886,5_886,3,16752,8:25:44,10:01:37,1:35:53,95.88,2,8:27:12,SLC_525,8:38:52,NEW_SLC_509,,,,
212,886,5_886,2,18234,14:57:42,15:56:07,0:58:25,58.42,1,15:00:35,Utah_County_513,,,,,,
212,886,5_886,3,18234,14:57:42,15:56:07,0:58:25,58.42,1,15:00:37,Utah_County_513,,,,,,
213,886,5_886,2,12920,17:24:03,17:49:00,0:24:57,24.95,1,17:28:42,SLC_519,,,,,,
213,886,5_886,3,12920,17:24:03,17:49:00,0:24:57,24.95,1,17:28:51,SLC_519,,,,,,
214,886,5_886,2,20770,18:05:47,18:21:49,0:16:02,16.03,2,18:10:46,Utah_County_513,18:26:06,SLC_528,,,,
214,886,5_886,3,20770,18:05:47,18:21:49,0:16:02,16.03,2,18:11:40,Utah_County_513,18:11:58,NEW_Utah_County_532,,,,
215,907,7_907,2,9120,9:51:34,11:00:08,1:08:34,68.57,1,10:04:23,SLC_510,,,,,,
215,907,7_907,3,9120,9:51:34,11:00:08,1:08:34,68.57,1,9:55:57,NEW_SLC_507,,,,,,
216,907,7_907,2,8944,13:59:07,15:15:19,1:16:12,76.2,2,14:05:48,SLC_510,14:12:32,Utah_County_513,,,,
216,907,7_907,3,8944,13:59:07,15:15:19,1:16:12,76.2,2,14:05:46,NEW_SLC_507,14:07:47,NEW_SLC_503,,,,
217,907,7_907,2,13073,14:20:42,15:35:00,1:14:18,74.3,1,14:21:24,SLC_505,,,,,,
217,907,7_907,3,13073,14:20:42,15:35:00,1:14:18,74.3,1,14:21:24,SLC_505,,,,,,
218,907,7_907,2,13425,14:47:30,16:40:00,1:52:30,112.5,1,14:52:04,SLC_523,,,,,,
218,907,7_907,3,13425,14:47:30,16:40:00,1:52:30,112.5,1,14:52:04,SLC_523,,,,,,
219,907,7_907,2,13485,16:34:45,17:53:00,1:18:15,78.25,2,16:41:48,SLC_520,16:42:40,SLC_519,,,,
219,907,7_907,3,13485,16:34:45,17:53:00,1:18:15,78.25,2,16:37:31,NEW_SLC_508,16:41:35,SLC_520,,,,
220,907,7_907,2,12919,16:45:28,16:58:08,0:12:40,12.67,1,16:48:20,SLC_523,,,,,,
220,907,7_907,3,12919,16:45:28,16:58:08,0:12:40,12.67,1,16:48:10,SLC_523,,,,,,
221,907,7_907,2,12920,16:54:20,18:28:06,1:33:46,93.77,1,17:02:18,SLC_517,,,,,,
221,907,7_907,3,12920,16:54:20,18:28:06,1:33:46,93.77,1,16:59:02,SLC_519,,,,,,
222,915,18_915,2,20819,7:43:41,9:23:17,1:39:36,99.6,2,7:46:30,Utah_County_516,7:56:02,Utah_County_524,,,,
222,915,18_915,3,20819,7:43:41,9:23:17,1:39:36,99.6,2,7:46:35,Utah_County_516,7:56:06,Utah_County_524,,,,
223,915,18_915,2,19698,7:59:18,9:07:51,1:08:33,68.55,2,8:33:52,SLC_510,8:36:14,SLC_505,,,,
223,915,18_915,3,19698,7:59:18,9:07:51,1:08:33,68.55,2,8:26:42,NEW_SLC_507,8:29:58,NEW_SLC_503,,,,
224,915,18_915,2,13065,8:23:48,9:15:11,0:51:23,51.38,1,8:33:24,SLC_514,,,,,,
224,915,18_915,3,13065,8:23:48,9:15:11,0:51:23,51.38,1,8:25:17,SLC_505,,,,,,
225,915,18_915,2,25182,8:32:33,9:09:23,0:36:50,36.83,2,9:05:26,SLC_525,9:11:02,Davis_512,,,,
225,915,18_915,3,25182,8:32:33,9:09:23,0:36:50,36.83,2,8:57:53,NEW_SLC_509,8:59:56,SLC_510,,,,
226,915,18_915,2,13440,8:49:05,9:27:52,0:38:47,38.78,1,9:24:17,Davis_506,,,,,,
226,915,18_915,3,13440,8:49:05,9:27:52,0:38:47,38.78,1,9:06:41,SLC_514,,,,,,
227,915,18_915,2,13208,8:49:59,9:28:48,0:38:49,38.82,2,9:54:21,SLC_510,9:54:55,SLC_505,,,,
227,915,18_915,3,13208,8:49:59,9:28:48,0:38:49,38.82,2,9:03:49,SLC_525,9:09:18,Davis_512,,,,
228,915,18_915,2,25238,9:08:23,9:58:42,0:50:19,50.32,3,9:45:28,Davis_518,10:28:38,SLC_510,10:29:17,SLC_505,,
228,915,18_915,3,25238,9:08:23,9:58:42,0:50:19,50.32,3,9:45:47,Davis_518,9:46:38,SLC_505,10:02:19,Davis_506,,
229,915,18_915,2,16613,9:48:18,10:24:31,0:36:13,36.22,1,10:00:39,SLC_525,,,,,,
229,915,18_915,3,16613,9:48:18,10:24:31,0:36:13,36.22,1,10:00:37,SLC_510,,,,,,
230,915,18_915,2,13164,9:56:07,11:43:45,1:47:38,107.63,3,10:01:04,Davis_506,10:03:12,SLC_514,10:13:40,Davis_512,,
230,915,18_915,3,13164,9:56:07,11:43:45,1:47:38,107.63,3,10:01:05,SLC_514,10:07:03,Davis_512,10:07:08,SLC_525,,
231,915,18_915,2,13425,14:47:30,16:40:00,1:52:30,112.5,1,14:52:04,SLC_523,,,,,,
231,915,18_915,3,13425,14:47:30,16:40:00,1:52:30,112.5,1,14:52:05,SLC_523,,,,,,
232,915,18_915,2,18234,14:57:42,15:56:07,0:58:25,58.42,1,15:00:35,Utah_County_513,,,,,,
232,915,18_915,3,18234,14:57:42,15:56:07,0:58:25,58.42,1,15:00:37,Utah_County_513,,,,,,
233,915,18_915,2,12899,15:41:53,17:35:18,1:53:25,113.42,1,15:44:58,SLC_519,,,,,,
233,915,18_915,3,12899,15:41:53,17:35:18,1:53:25,113.42,1,15:44:58,SLC_519,,,,,,
234,915,18_915,2,13392,16:07:42,17:21:36,1:13:54,73.9,1,16:12:58,SLC_517,,,,,,
234,915,18_915,3,13392,16:07:42,17:21:36,1:13:54,73.9,1,16:10:25,NEW_SLC_504,,,,,,
235,915,18_915,2,13464,16:12:14,18:15:35,2:03:21,123.35,3,16:22:51,Utah_County_513,16:22:58,Davis_518,16:34:26,SLC_528,,
235,915,18_915,3,13464,16:12:14,18:15:35,2:03:21,123.35,3,16:22:48,Utah_County_513,16:22:59,NEW_Utah_County_532,16:23:05,Davis_518,,
236,915,18_915,2,12920,17:24:03,17:49:00,0:24:57,24.95,1,17:25:39,SLC_523,,,,,,
236,915,18_915,3,12920,17:24:03,17:49:00,0:24:57,24.95,1,17:25:39,SLC_523,,,,,,
237,915,18_915,2,12816,17:28:22,17:58:07,0:29:45,29.75,1,17:34:18,SLC_517,,,,,,
237,915,18_915,3,12816,17:28:22,17:58:07,0:29:45,29.75,1,17:33:46,NEW_SLC_504,,,,,,
238,915,18_915,2,20770,17:30:42,18:09:30,0:38:48,38.8,2,17:52:06,Utah_County_502,18:55:43,SLC_527,,,,
238,915,18_915,3,20770,17:30:42,18:09:30,0:38:48,38.8,2,17:43:34,NEW_Utah_County_533,17:49:30,SLC_528,,,,
239,915,18_915,2,13504,18:28:15,18:59:34,0:31:19,31.32,2,18:35:11,SLC_523,18:39:31,SLC_520,,,,
239,915,18_915,3,13504,18:28:15,18:59:34,0:31:19,31.32,2,18:31:28,NEW_SLC_511,18:35:14,SLC_523,,,,
240,946,21_946,2,13208,6:39:40,7:45:57,1:06:17,66.28,1,6:45:52,SLC_505,,,,,,
240,946,21_946,3,13208,6:39:40,7:45:57,1:06:17,66.28,1,6:45:48,SLC_505,,,,,,
241,946,21_946,2,13467,7:24:41,8:59:15,1:34:34,94.57,1,7:41:02,SLC_510,,,,,,
241,946,21_946,3,13467,7:24:41,8:59:15,1:34:34,94.57,1,7:32:58,NEW_SLC_507,,,,,,
242,946,21_946,2,13460,8:09:48,8:39:29,0:29:41,29.68,2,8:27:46,Utah_County_516,8:28:05,SLC_514,,,,
242,946,21_946,3,13460,8:09:48,8:39:29,0:29:41,29.68,2,8:19:54,NEW_SLC_503,8:23:36,NEW_SLC_509,,,,
243,946,21_946,2,25182,8:32:33,9:09:23,0:36:50,36.83,2,8:48:55,Utah_County_524,9:03:52,SLC_505,,,,
243,946,21_946,3,25182,8:32:33,9:09:23,0:36:50,36.83,2,8:38:55,Utah_County_516,8:48:31,Utah_County_524,,,,
244,946,21_946,2,12907,8:40:14,10:10:03,1:29:49,89.82,2,8:47:48,SLC_525,8:53:30,Davis_512,,,,
244,946,21_946,3,12907,8:40:14,10:10:03,1:29:49,89.82,2,8:45:39,SLC_514,8:48:09,SLC_525,,,,
245,946,21_946,2,16613,9:48:18,10:24:31,0:36:13,36.22,1,9:50:19,SLC_510,,,,,,
245,946,21_946,3,16613,9:48:18,10:24:31,0:36:13,36.22,1,9:49:59,NEW_SLC_507,,,,,,
246,946,21_946,2,13073,14:02:42,15:00:03,0:57:21,57.35,3,14:03:24,SLC_519,14:08:49,Davis_512,14:09:04,SLC_525,,
246,946,21_946,3,13073,14:02:42,15:00:03,0:57:21,57.35,3,14:03:25,SLC_519,14:05:34,SLC_505,14:09:03,SLC_514,,
247,946,21_946,2,18234,14:18:57,15:26:00,1:07:03,67.05,2,14:21:52,Utah_County_513,14:22:28,SLC_505,,,,
247,946,21_946,3,18234,14:18:57,15:26:00,1:07:03,67.05,2,14:21:51,Utah_County_513,14:22:29,Utah_County_516,,,,
248,946,21_946,2,20454,14:37:35,18:09:52,3:32:17,212.28,3,14:43:07,Utah_County_502,14:45:03,Utah_County_521,15:01:13,Utah_County_524,,
248,946,21_946,3,20454,14:37:35,18:09:52,3:32:17,212.28,3,14:43:07,Utah_County_502,14:45:13,Utah_County_521,14:54:10,NEW_Utah_County_533,,
249,946,21_946,2,11474,15:54:03,16:22:30,0:28:27,28.45,1,15:59:28,SLC_520,,,,,,
249,946,21_946,3,11474,15:54:03,16:22:30,0:28:27,28.45,1,15:59:32,SLC_520,,,,,,
250,946,21_946,2,24751,16:16:14,17:08:50,0:52:36,52.6,1,16:23:33,Utah_County_516,,,,,,
250,946,21_946,3,24751,16:16:14,17:08:50,0:52:36,52.6,1,16:22:13,Utah_County_524,,,,,,
251,946,21_946,2,13413,16:27:17,17:22:20,0:55:03,55.05,1,16:30:08,SLC_523,,,,,,
251,946,21_946,3,13413,16:27:17,17:22:20,0:55:03,55.05,1,16:30:16,SLC_523,,,,,,
252,946,21_946,2,12931,16:31:08,16:47:45,0:16:37,16.62,2,16:34:04,SLC_520,16:39:14,SLC_519,,,,
252,946,21_946,3,12931,16:31:08,16:47:45,0:16:37,16.62,2,16:34:04,SLC_520,16:37:29,NEW_SLC_511,,,,
253,946,21_946,2,13394,16:35:25,17:36:13,1:00:48,60.8,1,16:39:57,SLC_517,,,,,,
253,946,21_946,3,13394,16:35:25,17:36:13,1:00:48,60.8,1,16:36:21,NEW_SLC_504,,,,,,
254,946,21_946,2,18356,16:59:48,18:08:44,1:08:56,68.93,1,17:03:04,Utah_County_513,,,,,,
254,946,21_946,3,18356,16:59:48,18:08:44,1:08:56,68.93,1,17:03:03,Utah_County_513,,,,,,
255,946,21_946,2,16583,17:21:48,18:15:24,0:53:36,53.6,1,17:24:18,SLC_519,,,,,,
255,946,21_946,3,16583,17:21:48,18:15:24,0:53:36,53.6,1,17:24:07,SLC_520,,,,,,
256,946,21_946,2,13390,17:52:16,20:02:00,2:09:44,129.73,2,17:57:50,SLC_517,18:00:10,Davis_529,,,,
256,946,21_946,3,13390,17:52:16,20:02:00,2:09:44,129.73,2,17:57:54,NEW_SLC_504,17:59:18,NEW_Davis_530,,,,
257,946,21_946,2,19698,17:54:34,19:00:40,1:06:06,66.1,1,18:33:21,SLC_528,,,,,,
257,946,21_946,3,19698,17:54:34,19:00:40,1:06:06,66.1,1,18:05:23,NEW_Utah_County_532,,,,,,
258,946,21_946,2,12982,18:04:36,18:50:37,0:46:01,46.02,1,18:58:45,SLC_527,,,,,,
258,946,21_946,3,12982,18:04:36,18:50:37,0:46:01,46.02,1,18:23:15,SLC_528,,,,,,
259,946,21_946,2,14513,18:24:28,19:28:38,1:04:10,64.17,1,18:30:40,SLC_520,,,,,,
259,946,21_946,3,14513,18:24:28,19:28:38,1:04:10,64.17,1,18:26:40,SLC_527,,,,,,
260,946,21_946,2,12941,18:33:50,20:23:12,1:49:22,109.37,1,18:40:19,SLC_523,,,,,,
260,946,21_946,3,12941,18:33:50,20:23:12,1:49:22,109.37,1,18:37:35,NEW_SLC_511,,,,,,
261,951,20_951,2,19733,8:33:44,9:42:08,1:08:24,68.4,2,8:34:55,Utah_County_524,8:42:17,Utah_County_516,,,,
261,951,20_951,3,19733,8:33:44,9:42:08,1:08:24,68.4,2,8:34:55,Utah_County_524,8:42:20,Utah_County_516,,,,
262,951,20_951,2,16583,8:48:41,9:22:55,0:34:14,34.23,1,8:58:04,SLC_510,,,,,,
262,951,20_951,3,16583,8:48:41,9:22:55,0:34:14,34.23,1,8:56:52,NEW_SLC_509,,,,,,
263,951,20_951,2,20819,8:53:03,10:24:45,1:31:42,91.7,2,9:26:10,SLC_505,9:27:16,SLC_514,,,,
263,951,20_951,3,20819,8:53:03,10:24:45,1:31:42,91.7,2,9:16:13,NEW_SLC_507,9:17:34,NEW_SLC_503,,,,
264,951,20_951,2,13485,8:53:40,10:56:46,2:03:06,123.1,1,9:02:43,SLC_525,,,,,,
264,951,20_951,3,13485,8:53:40,10:56:46,2:03:06,123.1,1,9:00:23,SLC_510,,,,,,
265,951,20_951,2,17632,9:14:42,9:45:51,0:31:09,31.15,1,9:45:49,Davis_518,,,,,,
265,951,20_951,3,17632,9:14:42,9:45:51,0:31:09,31.15,1,9:41:14,SLC_505,,,,,,
266,951,20_951,2,25182,12:39:32,14:56:03,2:16:31,136.52,2,12:44:56,Utah_County_513,12:48:07,Davis_518,,,,
266,951,20_951,3,25182,12:39:32,14:56:03,2:16:31,136.52,2,12:42:07,NEW_Utah_County_532,12:44:57,Utah_County_513,,,,
267,951,20_951,2,14513,12:42:56,14:29:00,1:46:04,106.07,2,12:51:17,SLC_525,12:56:54,SLC_510,,,,
267,951,20_951,3,14513,12:42:56,14:29:00,1:46:04,106.07,2,12:51:15,SLC_510,12:55:00,SLC_514,,,,
268,951,20_951,2,12975,13:13:23,14:39:00,1:25:37,85.62,1,13:37:40,Davis_512,,,,,,
268,951,20_951,3,12975,13:13:23,14:39:00,1:25:37,85.62,1,13:23:27,SLC_505,,,,,,
269,951,20_951,2,12907,13:37:00,14:44:34,1:07:34,67.57,1,14:02:19,Davis_506,,,,,,
269,951,20_951,3,12907,13:37:00,14:44:34,1:07:34,67.57,1,13:44:00,SLC_525,,,,,,
270,951,20_951,2,12984,14:47:42,18:04:00,3:16:18,196.3,3,15:03:53,SLC_528,15:08:47,SLC_527,15:12:43,SLC_520,,
270,951,20_951,3,12984,14:47:42,18:04:00,3:16:18,196.3,3,15:03:14,SLC_528,15:05:12,NEW_Utah_County_533,15:05:52,SLC_527,,
271,951,20_951,2,16613,15:18:33,16:02:12,0:43:39,43.65,2,15:31:11,Utah_County_513,15:31:31,Davis_518,,,,
271,951,20_951,3,16613,15:18:33,16:02:12,0:43:39,43.65,2,15:31:03,NEW_Utah_County_532,15:31:20,Utah_County_513,,,,
272,951,20_951,2,16507,15:22:14,16:18:07,0:55:53,55.88,1,15:31:24,SLC_519,,,,,,
272,951,20_951,3,16507,15:22:14,16:18:07,0:55:53,55.88,1,15:31:25,SLC_519,,,,,,
273,951,20_951,2,18249,15:25:22,16:56:49,1:31:27,91.45,1,15:42:08,Utah_County_502,,,,,,
273,951,20_951,3,18249,15:25:22,16:56:49,1:31:27,91.45,1,15:42:16,Utah_County_502,,,,,,
274,951,20_951,2,8342,16:18:37,16:57:00,0:38:23,38.38,1,16:21:36,SLC_517,,,,,,
274,951,20_951,3,8342,16:18:37,16:57:00,0:38:23,38.38,1,16:21:43,SLC_517,,,,,,
275,951,20_951,2,13273,16:48:01,18:15:11,1:27:10,87.17,2,16:59:21,SLC_523,17:05:54,SLC_519,,,,
275,951,20_951,3,13273,16:48:01,18:15:11,1:27:10,87.17,2,16:57:21,NEW_SLC_511,16:59:25,NEW_SLC_508,,,,
276,951,20_951,2,12982,17:30:53,18:01:39,0:30:46,30.77,1,17:44:19,Utah_County_513,,,,,,
276,951,20_951,3,12982,17:30:53,18:01:39,0:30:46,30.77,1,18:32:17,SLC_519,,,,,,
277,951,20_951,2,13072,17:49:06,18:44:23,0:55:17,55.28,1,17:58:22,SLC_517,,,,,,
277,951,20_951,3,13072,17:49:06,18:44:23,0:55:17,55.28,1,17:56:19,SLC_523,,,,,,
278,951,20_951,2,13490,18:01:14,20:52:40,2:51:26,171.43,2,18:17:10,Davis_529,18:29:47,Davis_526,,,,
278,951,20_951,3,13490,18:01:14,20:52:40,2:51:26,171.43,2,18:06:28,SLC_520,18:09:45,SLC_517,,,,
279,951,20_951,2,14512,18:02:09,18:33:12,0:31:03,31.05,1,18:56:46,Utah_County_521,,,,,,
279,951,20_951,3,14512,18:02:09,18:33:12,0:31:03,31.05,1,18:10:54,NEW_SLC_504,,,,,,
280,951,20_951,2,12926,19:28:50,20:34:11,1:05:21,65.35,2,19:30:01,Utah_County_521,19:38:45,SLC_517,,,,
280,951,20_951,3,12926,19:28:50,20:34:11,1:05:21,65.35,2,19:30:01,NEW_SLC_504,19:38:42,SLC_523,,,,
,499,,2,12973,5:37:50,7:09:00,1:31:10,91.17,1,,,,,,,,
,790,,2,20044,1:24:31,4:41:20,3:16:49,196.82,2,,,,,,,,
,879,,2,13246,22:54:46,24:24:00,1:29:14,89.23,1,,,,,,,,
,499,,3,12973,5:37:50,7:09:00,1:31:10,91.17,1,,,,,,,,
,790,,3,20044,1:24:31,4:41:20,3:16:49,196.82,2,,,,,,,,
,879,,3,13246,22:54:46,24:24:00,1:29:14,89.23,1,,,,,,,,
