Seed,Incident Link,Feeder 1,Feeder 2
141,12978,12961,12975
141,12982,13449,12980
141,13244,12942,13242
141,13461,12981,13451
141,13490,13137,13135
141,13499,13153,13151
141,13640,12934,12937
141,14513,13441,13438
141,16583,16582,16580
141,16652,16931,16651
141,17641,20793,17895
141,18523,20811,18454
167,8342,13404,12848
167,12931,13640,12934
167,12956,13445,12954
167,13073,13076,13567
167,13131,13122,13126
167,13416,13414,13410
167,14513,13441,13438
167,16560,16559,16557
167,16613,16665,16214
167,16652,16931,16651
167,16705,16604,16704
167,17496,17318,17491
167,17632,24753,17875
167,18234,17269,25185
167,18779,19063,19059
167,18804,18763,18937
167,20832,20046,24554
167,24751,17630,17611
227,12899,12900,12910
227,12907,12904,13618
227,12932,13638,12930
227,12941,12936,12932
227,12959,12977,13459
227,13018,13056,13576
227,13125,13128,13120
227,13244,12942,13242
227,13464,13468,13466
227,13640,12934,12937
227,14513,13441,13438
227,16560,16559,16557
227,16567,16566,16564
227,18234,17269,25185
227,18249,20801,18260
227,18310,17115,25228
227,19698,17138,22259
227,20454,20457,20458
227,24911,18696,17458
340,12899,12900,12910
340,12931,13640,12934
340,13018,13056,13576
340,13208,13535,13205
340,13425,12913,12844
340,13440,13442,14514
340,13467,13463,12982
340,13490,13137,13135
340,13504,13507,13169
340,13508,13175,13178
340,16567,16566,16564
340,24911,18696,17458
398,12984,13464,13468
398,12989,13455,12987
398,13187,13190,13125
398,13486,13136,13139
398,13504,13507,13169
398,14513,13441,13438
398,16643,16625,16618
418,12956,13445,12954
418,13055,12859,8342
418,13208,13535,13205
418,13392,12881,12835
418,13413,13401,13400
418,16507,16506,16809
418,16567,16566,16564
418,16603,16802,16602
418,16613,16665,16214
418,17458,24912,20191
418,17898,17894,22202
472,12956,13445,12954
472,12973,12959,12977
472,12982,13449,12980
472,13014,13033,13578
472,13125,13128,13120
472,13194,13521,13519
472,13244,12942,13242
472,13246,12964,14236
472,13416,13414,13410
472,13464,13468,13466
472,13467,13463,12982
472,13477,13112,13108
472,13499,13153,13151
472,14513,13441,13438
472,16583,16582,16580
472,16603,16802,16602
472,16652,16931,16651
472,17632,24753,17875
472,18234,17269,25185
472,18259,20799,18247
472,18310,17115,25228
499,12919,12921,13431
499,12973,12959,12977
499,12982,13449,12980
499,13016,13046,13012
499,13073,13076,13567
499,13143,13490,13137
499,13425,12913,12844
499,13461,12981,13451
499,13467,13463,12982
499,14512,14516,13429
499,16583,16582,16580
499,16613,16665,16214
499,17130,19364,17127
499,17894,20792,17889
499,18310,17115,25228
499,19060,19062,19067
499,19698,17138,22259
499,19733,19732,19727
518,12956,13445,12954
518,12959,12977,13459
518,12989,13455,12987
518,13187,13190,13125
518,13461,12981,13451
518,14512,14516,13429
518,18234,17269,25185
518,18249,20801,18260
518,18259,20799,18247
518,19698,17138,22259
584,12816,13386,12824
584,12931,13640,12934
584,12942,13242,12989
584,13007,13492,13494
584,13018,13056,13576
584,13072,13570,13069
584,13119,13483,13187
584,13208,13535,13205
584,13244,12942,13242
584,13388,12829,14248
584,13390,12832,13388
584,13413,13401,13400
584,13467,13463,12982
584,16560,16559,16557
584,16613,16665,16214
584,17496,17318,17491
584,18310,17115,25228
584,18523,20811,18454
584,24911,18696,17458
584,25173,16896,17114
637,12840,13394,13396
637,12919,12921,13431
637,12920,13427,12918
637,12956,13445,12954
637,12982,13449,12980
637,13070,13073,13076
637,13187,13190,13125
637,13194,13521,13519
637,13208,13535,13205
637,16572,16539,16571
637,16583,16582,16580
637,16603,16802,16602
637,16613,16665,16214
637,17130,19364,17127
637,17894,20792,17889
637,18234,17269,25185
637,18259,20799,18247
637,18779,19063,19059
637,19328,19367,17124
723,12899,12900,12910
723,12931,13640,12934
723,13194,13521,13519
723,13394,13396,12841
790,12920,13427,12918
790,12978,12961,12975
790,13065,13068,13569
790,13104,13107,13473
790,13208,13535,13205
790,13243,12951,13246
790,13416,13414,13410
790,13464,13468,13466
790,18523,20811,18454
790,18779,19063,19059
790,20044,16910,16908
847,8944,16560,16559
847,12796,12823,13384
847,12926,13634,12924
847,12956,13445,12954
847,13187,13190,13125
847,13244,12942,13242
847,14513,13441,13438
847,16752,16586,16585
847,18234,17269,25185
847,18249,20801,18260
847,20770,17989,20795
879,12941,12936,12932
879,12956,13445,12954
879,12972,12969,13458
879,13170,13506,13168
879,13188,13186,13484
879,13246,12964,14236
879,13460,12978,12961
879,13461,12981,13451
879,13467,13463,12982
879,13508,13175,13178
879,14513,13441,13438
879,16809,16505,16504
879,17632,24753,17875
879,18277,20802,18266
879,18310,17115,25228
879,18356,25231,17789
879,18779,19063,19059
879,20454,20457,20458
879,24911,18696,17458
886,12920,13427,12918
886,16560,16559,16557
886,16752,16586,16585
886,18234,17269,25185
886,20770,17989,20795
907,8944,16560,16559
907,9120,13448,14511
907,12919,12921,13431
907,12920,13427,12918
907,13073,13076,13567
907,13425,12913,12844
907,13485,13131,13122
915,12816,13386,12824
915,12899,12900,12910
915,12920,13427,12918
915,13065,13068,13569
915,13164,13159,13157
915,13208,13535,13205
915,13392,12881,12835
915,13425,12913,12844
915,13440,13442,14514
915,13464,13468,13466
915,13504,13507,13169
915,16613,16665,16214
915,18234,17269,25185
915,19698,17138,22259
915,20770,17989,20795
915,20819,16871,16632
915,25182,17260,18236
915,25238,18310,17115
946,11474,13502,13500
946,12907,12904,13618
946,12931,13640,12934
946,12941,12936,12932
946,12982,13449,12980
946,13073,13076,13567
946,13208,13535,13205
946,13390,12832,13388
946,13394,13396,12841
946,13413,13401,13400
946,13460,12978,12961
946,13467,13463,12982
946,14513,13441,13438
946,16583,16582,16580
946,16613,16665,16214
946,18234,17269,25185
946,18356,25231,17789
946,19698,17138,22259
946,20454,20457,20458
946,24751,17630,17611
946,25182,17260,18236
951,8342,13404,12848
951,12907,12904,13618
951,12926,13634,12924
951,12975,12972,12969
951,12982,13449,12980
951,12984,13464,13468
951,13072,13570,13069
951,13273,13204,13226
951,13485,13131,13122
951,13490,13137,13135
951,14512,14516,13429
951,14513,13441,13438
951,16507,16506,16809
951,16583,16582,16580
951,16613,16665,16214
951,17632,24753,17875
951,18249,20801,18260
951,19733,19732,19727
951,20819,16871,16632
951,25182,17260,18236
